0,1,2,3,4,5,6,7,8,9,10,11,12,13
沃尔沃亚太,S90,S90 长轴距 T4 智逸版,"284,867.68元","379,800元",约3.25万,约12.74万,,,,,,,
沃尔沃亚太,S90,S90 长轴距 T5 智逸版,"308,119.12元","410,800元",约3.51万,约13.78万,,,,,,,
沃尔沃亚太,S90,S90 长轴距 T5 智远版,"336,582.88元","448,800元",约3.84万,约15.06万,,,,,,,
沃尔沃亚太,S90,S90 长轴距 T5 智雅版,"372,615.06元","496,800元",约4.25万,约16.66万,,,,,,,
沃尔沃亚太,S90,S90 长轴距 T5 智尊版,"413,846.89元","551,800元",约4.72万,约18.51万,,,,,,,
沃尔沃亚太,XC60,XC60 T4 智逸版,"295,917.61元","369,900元",约3.16万,约10.56万,,,,,,,
沃尔沃亚太,XC60,XC60 T5 四驱智逸版,"319,917.41元","399,900元",约3.42万,约11.42万,,,,,,,
沃尔沃亚太,XC60,XC60 T5 四驱智远版,"343,917.21元","429,900元",约3.67万,约12.27万,,,,,,,
沃尔沃亚太,XC60,XC60 T5 四驱智远运动版,"343,917.21元","429,900元",约3.67万,约12.27万,,,,,,,
沃尔沃亚太,XC60,XC60 T5 四驱智雅豪华版,"383,923.17元","479,900元",约4.10万,约13.70万,,,,,,,
沃尔沃亚太,XC60,XC60 T5 四驱智雅运动版,"383,923.17元","479,900元",约4.10万,约13.70万,,,,,,,
沃尔沃亚太,S60L,S60L T3 智进版,"182,746.37元","276,900元",2.37万,11.78万,,,,,,,
沃尔沃亚太,S60L,S60L T5 智远版,"198,323.03元","309,900元",2.65万,13.81万,,,,,,,
沃尔沃亚太,S60L,S60L T5 智驭版,"218,161.44元","340,900元",2.91万,15.19万,,,,,,,
一汽奥迪,奥迪A6L,2018款 TFSI 进取型(1.8T),"317,808.68元","402,800元",3.44万,约11.94万,,,,,,,
一汽奥迪,奥迪A6L,2018款 TFSI 进取型(1.8T)+冬季包,"325,699.00元","412,800元",3.53万,约12.24万,,,,,,,
一汽奥迪,奥迪A6L,2018款 35TFSI 时尚型(2.0T),"334,240.08元","417,800元",3.57万,约11.93万,,,,,,,
一汽奥迪,奥迪A6L,2018款 35TFSI 时尚型(2.0T) +冬季包,"342,240.60元","427,800元",3.66万,约12.21万,,,,,,,
一汽奥迪,奥迪A6L,2018款 35TFSI 运动型(2.0T) 黑色(无黑光包)+红色卡钳,"356,000.52元","445,000元",3.80万,约12.70万,,,,,,,
一汽奥迪,奥迪A6L,2018款 35TFSI 运动型(2.0T) 其他颜色+红色卡钳,"358,399.40元","448,000元",3.83万,约12.79万,,,,,,,
一汽奥迪,奥迪A6L,2018款 35TFSI 运动型+座椅加热+红色卡钳,"359,278.68元","449,100元",3.84万,约12.82万,,,,,,,
一汽奥迪,奥迪A6L,2018款 30FSI 风尚型(2.5V6),"365,938.24元","463,800元",3.96万,约13.75万,,,,,,,
一汽奥迪,奥迪A6L,2018款 30FSI 风尚型(2.5V6) +座椅加热,"369,172.48元","467,900元",4.00万,约13.87万,,,,,,,
一汽奥迪,奥迪A6L,2018款 45TFSI quattro运动型(3.0T),"394,641.28元","506,600元",4.33万,约15.53万,,,,,,,
一汽奥迪,奥迪A6L,2018款 45TFSI quattro运动型(3.0T) 其他颜色（暂无）,"396,977.52元","509,600元",4.36万,约15.62万,,,,,,,
一汽奥迪,奥迪A6L,2018款 45TFSI quattro运动型(3.0T)+座椅加热（3.0T）,"397,835.92元","510,700元",4.36万,约15.65万,,,,,,,
一汽奥迪,奥迪A6L,2018款 45TFSI quattro豪华型(3.0T),"456,962.28元","586,600元",5.01万,约17.98万,,,,,,,
一汽奥迪,奥迪A6L,2018款 50TFSI quattro尊享型(3.0T),"541,249.04元","694,800元",5.94万,约21.29万,,,,,,,
一汽奥迪,奥迪A6L,2018款 40 e-tron PHEV (新能源),"375,210.12元","454,800元",3.89万,约11.85万,,,,,,,
一汽奥迪,奥迪A4L,2018款 A4L 30TFSI 进取型（1.4T）,"227,650.00元",29.00万,约2.48万,约8.71万,,,,,,,
一汽奥迪,奥迪A4L,2018款 A4L 40TFSI进取型 （2.0T）,"240,994.64元",30.70万,约2.62万,约9.22万,,,,,,,
一汽奥迪,奥迪A4L,2018款 A4L 40TFSI时尚型（2.0T）,"269,176.84元",34.29万,约2.93万,约10.30万,,,,,,,
一汽奥迪,奥迪A4L,2018款 A4L 40TFSI时尚型+冬季包（2.0T）,"271,373.88元",34.57万,约2.95万,约10.39万,,,,,,,
一汽奥迪,奥迪A4L,2018款 A4L 40TFSI运动型 （2.0T）,"288,094.12元",36.70万,约3.14万,约11.03万,,,,,,,
一汽奥迪,奥迪A4L,2018款 A4L 40TFSI运动型 +冬季包（2.0T）,"290,293.48元",36.98万,约3.16万,约11.11万,,,,,,,
一汽奥迪,奥迪A4L,2018款 A4L 45TFSI quattro个性运动型,"288,094.12元",36.70万,约3.14万,约11.03万,,,,,,,
一汽奥迪,奥迪A4L,2018款 A4L 45TFSI quattro个性运动型+冬季包 暂无车,"290,293.48元",36.98万,约3.16万,约11.11万,,,,,,,
一汽奥迪,奥迪A4L,2018款 A4L 45TFSI quattro运动型 （2.0T高）,"319,495.32元",40.70万,约3.48万,约12.23万,,,,,,,
一汽奥迪,奥迪A4L,2018款 A4L 45TFSI quattro运动型 +冬季包（2.0T高）,"321,692.36元",40.98万,约3.50万,约12.31万,,,,,,,
一汽奥迪,奥迪Q5,40TFSI quattro 进取型典藏版 双拼内饰 （停产）,"303,246.04元","396,400元",约3.39万,12.70万,,,,,,,
一汽奥迪,奥迪Q5,40TFSI quattro 技术型典藏版 双拼内饰,"324,130.68元","423,700元",约3.62万,13.58万,,,,,,,
一汽奥迪,奥迪Q3,2018款 Q3 30TFSI 前驱标准型,"187,891元","246,900元",约2.11万,约8.01万,,,,,,,
一汽奥迪,奥迪Q3,2018款 Q3 30TFSI 前驱时尚型,"202,121.88元","265,600元",约2.27万,约8.62万,,,,,,,
一汽奥迪,奥迪Q3,2018款 Q3 30TFSI 前驱风尚型,"219,700.52元","288,700元",约2.47万,约9.37万,,,,,,,
一汽奥迪,奥迪Q3,2018款 Q3 30TFSI 前驱风尚型（加座椅加热）,"221,299元","290,800元",约2.49万,约9.44万,,,,,,,
一汽奥迪,奥迪Q3,2018款 Q3 35TFSI 前驱时尚型,"214,485.16元","285,600元",约2.44万,约9.55万,,,,,,,
一汽奥迪,奥迪Q3,2018款 Q3 35TFSI 前驱运动型,"231,834.12元","308,700元",约2.64万,约10.33万,,,,,,,
一汽奥迪,奥迪Q3,2018款 Q3 35TFSI 前驱运动型（加座椅加热）,"233,410.56元","310,800元",约2.66万,约10.40万,,,,,,,
一汽奥迪,奥迪Q3,2018款 Q3 35TFSI 全时四驱运动型,"244,599.92元","325,700元",约2.78万,约10.89万,,,,,,,
一汽奥迪,奥迪Q3,2018款 Q3 35TFSI 全时四驱运动型（加座椅加热）,"246,177.52元","327,800元",约2.80万,约10.96万,,,,,,,
一汽奥迪,奥迪Q3,2018款 Q3 40TFSI 全时四驱运动型,"255,865.84元","340,700元",约2.91万,约11.40万,,,,,,,
一汽奥迪,奥迪Q3,2018款 Q3 40TFSI 全时四驱运动型(座椅加热) 无车,"257,442.28元","342,800元",约2.93万,约11.47万,,,,,,,
一汽奥迪,奥迪A3 Sportback,2018款 A3 Sportback 35TFSI 进取型,"150,114.44元","190,500元",1.63万,5.67万,,,,,,,
一汽奥迪,奥迪A3 Sportback,2018款 A3 Sportback 35TFSI 时尚型,"168,473.76元","213,800元",1.83万,6.36万,,,,,,,
一汽奥迪,奥迪A3 Sportback,2018款 A3 Sportback 35TFSI 风尚型,"185,732.24元","235,700元",2.01万,7.01万,,,,,,,
一汽奥迪,奥迪A3 Sportback,2018款 A3 Sportback 35TFSI 运动型,"185,732.24元","235,700元",2.01万,7.01万,,,,,,,
一汽奥迪,奥迪A3 Sportback,2018款 A3 Sportback 40TFSI 风尚型,"199,056元","250,700元",2.14万,7.31万,,,,,,,
一汽奥迪,奥迪A3 Sportback,,,,,,,,,,,,
一汽奥迪,奥迪A3 Sportback,2018款 A3 Sportback 40TFSI 运动型 资源少,"199,056元","250,700元",2.14万,7.31万,,,,,,,
一汽奥迪,奥迪A3 Limousine,2018款,A3,Limousine,35TFSI,进取型,,,,,,,
一汽奥迪,奥迪A3 Limousine,,"153,662.88元","196,500元",1.68万,5.96万,,,,,,,
一汽奥迪,奥迪A3 Limousine,2018款,A3,Limousine,35TFSI,时尚型,,,,,,,
一汽奥迪,奥迪A3 Limousine,,"171,884.16元","219,800元",1.88万,6.67万,,,,,,,
一汽奥迪,奥迪A3 Limousine,2018款,A3,Limousine,35TFSI,风尚型,,,,,,,
一汽奥迪,奥迪A3 Limousine,,"187,445.56元","239,700元",2.05万,7.27万,,,,,,,
一汽奥迪,奥迪A3 Limousine,2018款 A3 Limousine 35TFSI 运动型,"187,445.56元","239,700元",2.05万,7.27万,,,,,,,
一汽奥迪,奥迪A3 Limousine,2018款 A3 Limousine 40TFSI 风尚型,"201,885.24元","256,200元",2.19万,7.62万,,,,,,,
一汽奥迪,奥迪A3 Limousine,2018款 A3 Limousine 40TFSI 运动型 资源少,"201,885.24元","256,200元",2.19万,7.62万,,,,,,,
一汽奥迪,奥迪Q5L,40TFSI 荣享进取型+19寸轮毂,"353,520.44元","392,800元",约3.36万,7.29万,,,,,,,
一汽奥迪,奥迪Q5L,40TFSI 荣享时尚型,"381,419.60元","423,800元",约3.62万,7.86万,,,,,,,
一汽奥迪,奥迪Q5L,45TFSI 尊享时尚型,"419,580.12元","466,201元",约3.98万,8.65万,,,,,,,
一汽奥迪,奥迪Q5L,45TFSI 尊享风雅型,"442,799.84元","492,000元",约4.21万,9.13万,,,,,,,
一汽奥迪,奥迪Q5L,45TFSI 尊享运动型 增配*,"454,949.68元","505,500元",约4.32万,9.38万,,,,,,,
一汽奥迪,奥迪Q5L,45TFSI 尊享豪华运动型 增配*,"479,339.84元","532,600元",约4.55万,9.88万,,,,,,,
一汽奥迪,奥迪Q2L,35TFSI 上市专享版,"201,599.88元","224,000元",约1.91万,4.15万,,,,,,,
一汽奥迪,奥迪Q2L,35TFSI 时尚致雅型,"221,220.12元","245,800元",约2.10万,4.56万,,,,,,,
一汽奥迪,奥迪Q2L,35TFSI 时尚动感型,"225,539.96元","250,600元",约2.14万,4.65万,,,,,,,
一汽奥迪,奥迪Q2L,35TFSI 豪华致雅型,"251,999.56元","280,000元",约2.39万,5.19万,,,,,,,
北京奔驰,奔驰E-Class,E 200L,"408,058.28元",43.58万,约3.72万,约6.50万,,,,,,,
北京奔驰,奔驰E-Class,E 200L 运动型,"408,058.28元",43.58万,约3.72万,约6.50万,,,,,,,
北京奔驰,奔驰E-Class,E 200L 4MATIC,"428,704.28元",45.80万,约3.91万,约6.84万,,,,,,,
北京奔驰,奔驰E-Class,E 200L 运动型 4MATIC,"428,704.28元",45.80万,约3.91万,约6.84万,,,,,,,
北京奔驰,奔驰E-Class,E 300L 时尚型,"445,258.28元",47.58万,约4.07万,约7.12万,,,,,,,
北京奔驰,奔驰E-Class,E 300L 运动时尚型,"445,258.28元",47.58万,约4.07万,约7.12万,,,,,,,
北京奔驰,奔驰E-Class,E 300L 豪华型,"470,368.28元",50.28万,约4.30万,约7.54万,,,,,,,
北京奔驰,奔驰E-Class,E 300L 运动豪华型,"470,368.28元",50.28万,约4.30万,约7.54万,,,,,,,
北京奔驰,奔驰E-Class,E 320L 4MATIC,"588,734.64元",62.98万,约5.38万,约9.49万,,,,,,,
北京奔驰,奔驰E-Class,E 320L 运动型 4MATIC,"588,734.64元",62.98万,约5.38万,约9.49万,,,,,,,
北京奔驰,奔驰C-Class,C180L 动感型运动版,"290,142.28元","315,800元",2.70万,5.26万,,,,,,,
北京奔驰,奔驰C-Class,C180L 时尚型,"297,422.28元","323,800元",2.77万,5.41万,,,,,,,
北京奔驰,奔驰C-Class,C180L 时尚型运动版,"297,422.28元","323,800元",2.77万,5.41万,,,,,,,
北京奔驰,奔驰C-Class,C260L,"321,992.28元","350,800元",3.00万,5.88万,,,,,,,
北京奔驰,奔驰C-Class,C260L 运动版,"321,992.28元","350,800元",3.00万,5.88万,,,,,,,
北京奔驰,奔驰C-Class,C260L 4Matic,"351,112.28元","382,800元",3.27万,6.44万,,,,,,,
北京奔驰,奔驰C-Class,C260L 4Matic 运动版,"351,112.28元","382,800元",3.27万,6.44万,,,,,,,
北京奔驰,奔驰C-Class,C300L,"445,752.28元","486,800元",4.16万,8.27万,,,,,,,
北京奔驰,奔驰C-Class,C300L 运动版,"445,752.28元","486,800元",4.16万,8.27万,,,,,,,
北京奔驰,奔驰C-Class,C260 运动版,"292,872.28元","318,800元",2.72万,5.32万,,,,,,,
北京奔驰,奔驰C-Class,C260 4Matic 运动版,"338,372.28元","368,800元",3.15万,6.19万,,,,,,,
北京奔驰,奔驰C-Class,C300 运动版,"422,092.28元","460,800元",3.94万,7.81万,,,,,,,
北京奔驰,奔驰GLC-Class,GLC 200 4MATIC,"377,824.28元","394,800元",3.37万,5.07万,,,,,,,
北京奔驰,奔驰GLC-Class,GLC 260 4MATIC 动感型,"411,074.28元","429,800元",3.67万,5.55万,,,,,,,
北京奔驰,奔驰GLC-Class,GLC 260 4MATIC 豪华型,"425,514.28元","445,000元",3.80万,5.75万,,,,,,,
北京奔驰,奔驰GLC-Class,GLC 300 4MATIC 动感型,"468,074.28元","489,800元",4.19万,6.36万,,,,,,,
北京奔驰,奔驰GLC-Class,GLC 300 4MATIC 豪华型,"549,964.28元","576,000元",4.92万,7.53万,,,,,,,
北京奔驰,奔驰GLA-Class,GLA 200 Dynamic 动感型,"232,094.28元","269,800元",2.31万,6.08万,,,,,,,
北京奔驰,奔驰GLA-Class,GLA 200 Style 时尚型,"248,244.28元","288,800元",2.47万,6.52万,,,,,,,
北京奔驰,奔驰GLA-Class,GLA 220 4MATIC 运动型,"278,844.28元","324,800元",2.78万,7.37万,,,,,,,
北京奔驰,奔驰GLA-Class,GLA 260 4MATIC 运动型,"339,194.28元","395,800元",3.38万,9.04万,,,,,,,
华晨宝马,华晨宝马3系,BMW 320Li 时尚型,"251,000元","323,800元",约2.77万,约10.05万,,,,,,,
华晨宝马,华晨宝马3系,BMW 320Li xDrive 时尚型,"263,600元","346,800元",约2.96万,约11.28万,,,,,,,
华晨宝马,华晨宝马3系,BMW 320Li M 运动套装,"271,100元","349,800元",约2.99万,约10.86万,,,,,,,
华晨宝马,华晨宝马3系,BMW 320Li M 豪华套装,"271,100元","349,800元",约2.99万,约10.86万,,,,,,,
华晨宝马,华晨宝马3系,BMW 320Li M 运动曜夜版,"284,300元","366,800元",约3.14万,约11.39万,,,,,,,
华晨宝马,华晨宝马3系,BMW 320i M 运动套装,"245,600元","316,800元",约2.71万,约9.83万,,,,,,,
华晨宝马,华晨宝马3系,BMW 320i M 运动曜夜版,"268,800元","346,800元",约2.96万,约10.76万,,,,,,,
华晨宝马,华晨宝马5系,525Li 领先型 (豪华套装、M运动套装),"375,800元","436,900元",约3.73万,约9.84万,,,,,,,
华晨宝马,华晨宝马5系,530Li 领先型 豪华套装,"410,200元","476,900元",约4.08万,约10.75万,,,,,,,
华晨宝马,华晨宝马5系,530Li 领先型 M运动套装,"410,200元","476,900元",约4.08万,约10.75万,,,,,,,
华晨宝马,华晨宝马5系,530Li xDrive 豪华套装,"427,400元","496,900元",约4.25万,约11.20万,,,,,,,
华晨宝马,华晨宝马5系,530Li xDrive M运动套装,"427,400元","496,900元",约4.25万,约11.20万,,,,,,,
华晨宝马,华晨宝马5系,530Li 尊享型 豪华套装,"447,200元","519,900元",约4.44万,约11.71万,,,,,,,
华晨宝马,华晨宝马5系,530Li 尊享型 M运动套装,"447,200元","519,900元",约4.44万,约11.71万,,,,,,,
华晨宝马,华晨宝马5系,540Li 行政版,"554,500元","659,900元",约5.64万,约16.18万,,,,,,,
华晨宝马,华晨宝马5系,530Le 豪华套装,"475,000元","499,900元",约4.27万,约6.76万,,,,,,,
华晨宝马,华晨宝马X1,BMW X1 sDrive 18Li 时尚型,"228,500元","283,800元",2.43万,7.96万,,,,,,,
华晨宝马,华晨宝马X1,BMW,X1,sDrive,18Li,尊享型,,,,,,,
华晨宝马,华晨宝马X1,(X设计套装、运动设计套装）,"244,600元","303,800元",2.60万,8.52万,,,,,,,
华晨宝马,华晨宝马X1,BMW X1 sDrive 20Li 领先型,"258,200元","316,800元",2.71万,8.57万,,,,,,,
华晨宝马,华晨宝马X1,BMW,X1,xDrive,20Li,尊享型,,,,,,,
华晨宝马,华晨宝马X1,(X设计套装、运动设计套装）,"279,200元","346,800元",2.96万,9.72万,,,,,,,
华晨宝马,华晨宝马X1,BMW,X1,xDrive,20Li,豪华型,,,,,,,
华晨宝马,华晨宝马X1,（X设计套装、运动设计套装）,"305,800元","379,800元",3.25万,10.65万,,,,,,,
华晨宝马,华晨宝马X1,BMW,X1,xDrive25Le豪华型,,,,,,,,,[]
华晨宝马,华晨宝马X1,(X设计套装、运动设计套装）,"347,200元","396,800元",3.39万,8.35万,,,,,,,
华晨宝马,华晨宝马2系旅行车,BMW 2系旅行车 218i 时尚型,"183,300元","224,800元",约1.92万,约6.07万,,,,,,,
华晨宝马,华晨宝马2系旅行车,BMW 2系旅行车 218i 领先型,"199,600元","244,800元",约2.09万,约6.61万,,,,,,,
华晨宝马,华晨宝马2系旅行车,BMW 2系旅行车 218i 尊享运动套装,"215,900元","264,800元",约2.26万,约7.15万,,,,,,,
华晨宝马,华晨宝马2系旅行车,BMW 2系旅行车 220i 豪华套装,"240,300元","294,800元",约2.52万,约7.97万,,,,,,,
华晨宝马,华晨宝马 1系运动轿车,118i 时尚型,"174,900元","199,800元",约1.71万,约4.20万,,,,,,,
华晨宝马,华晨宝马 1系运动轿车,118i 运动型,"197,600元","225,800元",约1.93万,约4.75万,,,,,,,
华晨宝马,华晨宝马 1系运动轿车,118i 运动设计套装/豪华设计套装,"225,600元","257,800元",约2.20万,约5.42万,,,,,,,
华晨宝马,华晨宝马 1系运动轿车,120i 运动设计套装/豪华设计套装,"234,600元","287,800元",约2.46万,约7.78万,,,,,,,
华晨宝马,华晨宝马 1系运动轿车,125i 运动型,"259,100元","317,800元",约2.72万,约8.59万,,,,,,,
华晨宝马,华晨宝马X3,2018款 X3 xDrive 25i(豪华套装/M运动套装),"399,800元","399,800元",约3.42万,约3.42万,,,,,,,
华晨宝马,华晨宝马X3,2018款 X3 xDrive 28i(豪华套装/M运动套装),"439,800元","439,800元",约3.76万,约3.76万,,,,,,,
华晨宝马,华晨宝马X3,2018款 X3 xDrive 30i领先型M运动套装,"496,800元","496,800元",约4.25万,约4.25万,,,,,,,
华晨宝马,华晨宝马X3,2018款 X3 xDrive 30i尊享型M运动套装,"585,800元","585,800元",约5.01万,约5.01万,,,,,,,
一汽大众,迈腾,迈腾 1.4T 舒适型 280TSI（暂无）,"156,799.89元","189,900元",1.62万,4.93万,,,,,,,
一汽大众,迈腾,迈腾 1.4T 舒适型 280TSI+全景天窗,"164,798.88元","197,900元",1.69万,5.00万,,,,,,,
一汽大众,迈腾,迈腾 1.4T 领先型 280TSI+17英寸铝车轮,"175,799.16元","209,900元",1.79万,5.20万,,,,,,,
一汽大众,迈腾,迈腾 1.8T 舒适型 330TSI（资源少）,"175,799.52元","209,900元",1.79万,5.20万,,,,,,,
一汽大众,迈腾,迈腾 2.0T 领先型 330TSI+17英寸铝车轮,"185,799.52元","219,900元",1.88万,5.29万,,,,,,,
一汽大众,迈腾,迈腾 2.0T 豪华型 330TSI+无钥匙进入+倒车影像+8英寸导航,"198,100.16元","234,900元",2.01万,5.69万,,,,,,,
一汽大众,迈腾,迈腾 2.0T 尊贵型 330TS+18寸车轮+9.2英寸导航+液晶仪表+电动后备箱+数字胎压,"226,100.24元","263,900元",2.26万,6.04万,,,,,,,
一汽大众,迈腾,迈腾 2.0T 豪华型 380TSI+无钥匙进入+倒车影像+8英寸导航,"212,600.16元","249,900元",2.14万,5.87万,,,,,,,
一汽大众,迈腾,迈腾 2.0T 尊贵型380TSI+18寸车轮+9.2英寸导航+液晶仪表+丹拿音响+电动后备箱,"245,599.84元","285,400元",2.44万,6.42万,,,,,,,
一汽大众,迈腾,迈腾 2.0T 旗舰型 380TSI+动态底盘+手动侧窗遮阳帘+全景可视泊车+9.2英寸导航,"277,099.29元","316,900元",2.71万,6.69万,,,,,,,
一汽大众,速腾,1.6L 手动 时尚型,"107,450.46元","131,800元",1.13万,3.56万,,,,,,,
一汽大众,速腾,1.6L 自动 时尚型（暂无）,"119,449.98元","143,800元",1.23万,3.66万,,,,,,,
一汽大众,速腾,1.6L 手动 舒适型,"114,450.24元","138,800元",1.19万,3.62万,,,,,,,
一汽大众,速腾,1.6L 自动 舒适型,"126,450.44元","150,800元",1.29万,3.72万,,,,,,,
一汽大众,速腾,280TSI手动舒适1.4T（暂无）,"121,450.68元","146,800元",1.25万,3.79万,,,,,,,
一汽大众,速腾,280TSIDSG舒适1.4T+定速巡航+无钥匙进入+多功能方向盘+氙灯+17寸车轮+运动型保险杠,"138,449.48元","162,800元",1.39万,3.83万,,,,,,,
一汽大众,速腾,280TSI手动豪华1.4T（暂无）,"132,949.44元","156,800元",1.34万,3.73万,,,,,,,
一汽大众,速腾,280TSIDSG豪华1.4T+无钥匙进入(200万纪念版),"146,949.96元","172,800元",1.48万,4.06万,,,,,,,
一汽大众,速腾,180TSI 自动领先型 1.2T,"128,950.24元","153,800元",1.31万,3.80万,,,,,,,
一汽大众,新宝来,280TSI （1.4T）DSG精英型,"144,800.48元","150,800元",约1.29万,1.89万,,,,,,,
一汽大众,新宝来,280TSI （1.4T）DSG豪华型,"154,800.84元","159,800元",约1.37万,1.87万,,,,,,,
一汽大众,新宝来,1.5L手动时尚型,"107,300元","112,800元",约0.96万,1.51万,,,,,,,
一汽大众,新宝来,1.5L手自一体时尚型,"119,300.20元","124,800元",约1.07万,1.62万,,,,,,,
一汽大众,新宝来,1.5L手动舒适型,"119,300.20元","124,800元",约1.07万,1.62万,,,,,,,
一汽大众,新宝来,1.5L手自一体舒适型,"131,300.40元","136,800元",约1.17万,1.72万,,,,,,,
一汽大众,新宝来,1.5L 自动精英型,"135,300.08元","140,800元",约1.20万,1.75万,,,,,,,
一汽大众,新宝来,1.5L 自动豪华型,"144,300.52元","148,800元",约1.27万,1.72万,,,,,,,
一汽大众,全新捷达,全新捷达 1.4L手动时尚型,"68,399.40元","79,900元",0.68万,1.83万,,,,,,,
一汽大众,全新捷达,全新捷达 1.4L手动舒适型,"80,399.60元","91,900元",0.79万,1.94万,,,,,,,
一汽大众,全新捷达,全新捷达 1.5L手动时尚型,"73,399元","85,600元",0.73万,1.95万,,,,,,,
一汽大众,全新捷达,全新捷达 1.5L自动时尚型,"83,399.36元","95,600元",0.82万,2.04万,,,,,,,
一汽大众,全新捷达,全新捷达 1.5L手动舒适型,"85,099.92元","97,600元",0.83万,2.08万,,,,,,,
一汽大众,全新捷达,全新捷达 1.5L自动舒适型,"95,100.28元","107,600元",0.92万,2.17万,,,,,,,
一汽大众,全新捷达,全新捷达 1.5L自动豪华型(暂无),"107,599.05元","119,600元",1.02万,2.22万,,,,,,,
一汽大众,全新捷达,全新捷达 1.4T自动运动型(暂无),"121,899.96元","134,900元",1.15万,2.45万,,,,,,,
一汽大众,大众CC,330TSI,华颜版+电动关闭尾箱盖,"238,299.96元","252,800元",2.16万,,,,,,,
一汽大众,大众CC,3.61万,,,,,,,,,,,[]
一汽大众,大众CC,330TSI 魅颜版,"253,799.88元","269,800元",2.31万,3.91万,,,,,,,
一汽大众,大众CC,330TSI 魅颜版+数字信息包,"262,800.32元","278,800元",2.38万,3.98万,,,,,,,
一汽大众,大众CC,330TSI 魅颜版+数字信息包+冬季包,"265,399.88元","281,400元",2.41万,4.01万,,,,,,,
一汽大众,大众CC,380TSI 魅颜版+安全包+数字信息包,"281,799.96元","297,800元",2.55万,4.15万,,,,,,,
一汽大众,大众CC,380TSI 魅颜版+安全包+数字信息包+冬季包,"284,400.68元","300,400元",2.57万,4.17万,,,,,,,
一汽大众,大众CC,380TSI 曜颜版,"290,800.40元","309,800元",2.65万,4.55万,,,,,,,
一汽大众,大众CC,380TSI 曜颜版+豪华包,"298,800.92元","317,800元",2.72万,4.62万,,,,,,,
一汽大众,大众CC,380TSI 曜颜版+豪华包+冬季包+驾驶科技包,"316,900.40元","335,900元",2.87万,4.77万,,,,,,,
一汽大众,高尔夫7,高尔夫7 1.6L手动时尚型,"101,400.24元","121,900元",1.04万,3.09万,,,,,,,
一汽大众,高尔夫7,高尔夫7 1.6L自动时尚型,"113,399.28元","133,900元",1.14万,3.19万,,,,,,,
一汽大众,高尔夫7,高尔夫7 1.6L自动舒适型+8寸屏导航,"124,400.72元","144,900元",1.24万,3.29万,,,,,,,
一汽大众,高尔夫7,高尔夫7 1.2TSI自动舒适型+8寸屏导航,"129,300.56元","150,800元",1.29万,3.44万,,,,,,,
一汽大众,高尔夫7,高尔夫7 1.4TSI手动舒适型+8寸屏导航,"118,600.72元","140,900元",1.20万,3.43万,,,,,,,
一汽大众,高尔夫7,高尔夫7 1.4TSI自动舒适型+8寸屏导航,"132,599.60元","154,900元",1.32万,3.55万,,,,,,,
一汽大众,高尔夫7,高尔夫7 1.4TSI自动豪华型+8寸屏导航+17寸铝车轮,"143,101.08元","165,900元",1.42万,3.70万,,,,,,,
一汽大众,高尔夫7,高尔夫7 1.4TSI自动旗舰型(含数字式可编程仪表),"161,400.08元","182,900元",1.56万,3.71万,,,,,,,
一汽大众,高尔夫7,高尔夫7 1.4TSI 自动旗舰型+9.2寸导航+丹拿音响,"173,399.85元","196,600元",1.68万,4.00万,,,,,,,
一汽大众,高尔夫7,,高尔夫7,1.4TSI,自动旗舰型,增配1,,,,,,,
一汽大众,高尔夫7,,"178,999.47元","204,000元",1.74万,4.24万,,,,,,,
一汽大众,高尔夫7,高尔夫7 1.4TSI 自动R-Line+8寸屏导航,"147,900.00元","171,900元",1.47万,3.87万,,,,,,,
一汽大众,高尔夫7,,高尔夫7,1.4TSI,自动R-Line,增配2,,,,,,,
一汽大众,高尔夫7,,"153,198.88元","177,200元",1.51万,3.91万,,,,,,,
一汽大众,高尔夫·嘉旅,1.6L 手动舒适型,"112,899.15元","131,900元",约1.13万,约3.03万,,,,,,,
一汽大众,高尔夫·嘉旅,1.6L 自动舒适型,"124,899.52元","143,900元",约1.23万,约3.13万,,,,,,,
一汽大众,高尔夫·嘉旅,1.4TSI 手动进取型 230TSI+行李架+司机膝部气囊+后视摄像头+电动折叠后视镜,"132,398.92元","152,900元",约1.31万,约3.36万,,,,,,,
一汽大众,高尔夫·嘉旅,1.4TSI 自动进取型 230TSI+行李架+司机膝部气囊+后视摄像头+电动折叠后视镜,"146,400.12元","166,900元",约1.43万,约3.48万,,,,,,,
一汽大众,高尔夫·嘉旅,1.4TSI 自动豪华型 230TSI（96KW）17寸车轮+ 电动座椅+司机膝部气囊+ Acantara真皮座椅包+后视摄像头+电动折叠后视镜,"158,399.16元","179,900元",约1.54万,约3.69万,,,,,,,
一汽大众,高尔夫·嘉旅,1.4TSI 自动豪华型 280TSI（110KW）+17寸车轮+ 电动座椅+司机膝部气囊+ Acantara真皮座椅包+后视摄像头+电动折叠后视镜,"163,399.92元","184,900元",约1.58万,约3.73万,,,,,,,
一汽大众,高尔夫·嘉旅,1.4TSI 自动旗舰型 280TSI,"175,399.38元","197,900元",约1.69万,约3.94万,,,,,,,
一汽大众,高尔夫·嘉旅,1.2TSI 自动进取型 180TSI,暂无车,"161,900元",约1.38万,——,,,,,,,
一汽大众,蔚领,蔚领1.5L手动时尚型,"111,400.60元","116,900元",约1.00万,约1.55万,,,,,,,
一汽大众,蔚领,蔚领1.5L自动时尚型,"123,400.80元","128,900元",约1.10万,约1.65万,,,,,,,
一汽大众,蔚领,蔚领1.5L 手动舒适型+氙灯+日行灯,"115,000.08元","125,900元",约1.08万,约2.17万,,,,,,,
一汽大众,蔚领,蔚领1.5L手自一体舒适型+氙灯+日行灯,"126,500.32元","137,900元",约1.18万,约2.32万,,,,,,,
一汽大众,蔚领,蔚领1.5L手自一体豪华型+氙灯+日行灯,"140,500.36元","151,900元",约1.30万,约2.44万,,,,,,,
一汽大众,蔚领,蔚领1.4T手动舒适型,"120,198.78元","134,900元",约1.15万,约2.62万,,,,,,,
一汽大众,蔚领,蔚领1.4T自动舒适型+氙灯+日行灯,"136,500.68元","148,900元",约1.27万,约2.51万,,,,,,,
一汽大众,蔚领,蔚领1.4T自动豪华型+氙灯+日行灯,"149,999.60元","162,900元",约1.39万,约2.68万,,,,,,,
奇瑞捷豹路虎,路虎揽胜极光,240PS PURE 风尚版,"287,813元","404,800元",3.46万,15.16万,,,,,,,
奇瑞捷豹路虎,路虎揽胜极光,240PS SE 智耀版,"316,313元","454,800元",3.89万,17.74万,,,,,,,
奇瑞捷豹路虎,路虎揽胜极光,240PS SE DYNAMIC 智锐版,"347,807元","504,800元",4.31万,20.01万,,,,,,,
奇瑞捷豹路虎,路虎揽胜极光,240PS HSE DYNAMIC 致动版,"372,154元","553,800元",4.73万,22.90万,,,,,,,
奇瑞捷豹路虎,路虎发现神行,240PS PURE版,"267,420元","374,800元",3.20万,13.94万,,,,,,,
奇瑞捷豹路虎,路虎发现神行,240PS SE版,"280,526元","404,800元",3.46万,15.89万,,,,,,,
奇瑞捷豹路虎,路虎发现神行,240PS HSE,"323,268元","464,800元",3.97万,18.13万,,,,,,,
奇瑞捷豹路虎,路虎发现神行,240PS HSE LUXURY版,"345,531元","513,800元",4.39万,21.22万,,,,,,,
奇瑞捷豹路虎,捷豹XFL,2.0T 200PS PURE 风华版,"289,157元","385,800元",约3.30万,约12.96万,,,,,,,
奇瑞捷豹路虎,捷豹XFL,2.0T 200PS Prestige 精英版,"308,524元","415,800元",约3.55万,约14.28万,,,,,,,
奇瑞捷豹路虎,捷豹XFL,2.0T 250PS Prestige Lux 豪华版,"330,412元","454,800元",约3.89万,约16.33万,,,,,,,
奇瑞捷豹路虎,捷豹XFL,2.0T 250PS Prestige Lux Plus 尊享版,"361,699元","494,800元",约4.23万,约17.54万,,,,,,,
奇瑞捷豹路虎,捷豹XFL,3.0T 340PS Portfolio 奢华版,"516,953元","683,800元",约5.84万,约22.53万,,,,,,,
奇瑞捷豹路虎,捷豹XEL,XEL 2.0T 200PS Elite 精英版,"239,560元","288,800元",2.47万,7.39万,,,,,,,
奇瑞捷豹路虎,捷豹XEL,XEL 2.0T 200PS Luxury 豪华版,"258,239元","319,800元",2.73万,8.89万,,,,,,,
奇瑞捷豹路虎,捷豹XEL,XEL 2.0T 200PS Prestige 尊享版,"275,359元","346,900元",2.96万,10.11万,,,,,,,
奇瑞捷豹路虎,捷豹XEL,XEL 2.0T 200PS First Edition 首发限量版,"281,515元","356,800元",3.05万,10.58万,,,,,,,
奇瑞捷豹路虎,捷豹XEL,XEL 2.0T 250PS Prestige 尊享版,"297,068元","371,800元",3.18万,10.65万,,,,,,,
奇瑞捷豹路虎,捷豹XEL,XEL 2.0T 250PS Supreme 奢华版,"344,898元","425,800元",3.64万,11.73万,,,,,,,
奇瑞捷豹路虎,捷豹XEL,,,,,,,,,,,,[]
北京现代,ix35,ix35 2.0GL 6MT2,"125,832元","149,800元",1.28万,3.68万,,,,,,,
北京现代,ix35,ix35 2.0GL 6AT2,"137,592元","163,800元",1.40万,4.02万,,,,,,,
北京现代,ix35,ix35 2.0GLS 6AT2,"148,512元","176,800元",1.51万,4.34万,,,,,,,
北京现代,ix35,ix35 2.0GLS 6AT2 V1(全景天窗),"155,232元","184,800元",1.58万,4.54万,,,,,,,
北京现代,ix35,ix35 2.0GLS 6AT2 V2(PIO导航),"151,872元","180,800元",1.55万,4.44万,,,,,,,
北京现代,ix35,ix35 2.0GLS 6AT2 V4(通风座椅),"151,032元","179,800元",1.54万,4.41万,,,,,,,
北京现代,ix35,ix35 2.0GLS 6AT2 V5(空气净化器),"149,772元","178,300元",1.52万,4.38万,,,,,,,
北京现代,ix35,ix35 2.0GLS 6AT4,"169,512元","201,800元",1.72万,4.95万,,,,,,,
北京现代,ix35,ix35 2.0GLX 6AT2,"164,472元","195,800元",1.67万,4.81万,,,,,,,
北京现代,ix35,ix35 2.4GLX 6AT2,"169,248元","196,800元",1.68万,4.44万,,,,,,,
北京现代,ix35,ix35 2.4GLX 6AT2 V3(通风座椅+MDPS),"173,548元","201,800元",1.72万,4.55万,,,,,,,
北京现代,ix35,ix35 2.4GLX 6AT4,"191,608元","222,800元",1.90万,5.02万,,,,,,,
北京现代,ix35,ix35 2.4GLX 6AT4 V6(智能泊车),"194,188元","225,800元",1.93万,5.09万,,,,,,,
北京现代,全新胜达,全新胜达 2.4L GLS MT 2WD 5P,"195,576元","224,800元",1.92万,4.84万,,,,,,,
北京现代,全新胜达,全新胜达 2.4L GLS AT 2WD 5P,"208,626元","239,800元",2.05万,5.17万,,,,,,,
北京现代,全新胜达,全新胜达 2.0T GLS AT 2WD 7P,"218,218元","239,800元",2.05万,4.21万,,,,,,,
北京现代,全新胜达,全新胜达 2.0T GLS AT 2WD 7P V2,"221,858元","243,800元",2.08万,4.28万,,,,,,,
北京现代,全新胜达,全新胜达 2.0T GLS AT 4WD 7P,"227,318元","249,800元",2.14万,4.38万,,,,,,,
北京现代,全新胜达,全新胜达 2.0T GLS AT 4WD 7P V3,"230,958元","253,800元",2.17万,4.45万,,,,,,,
北京现代,全新胜达,全新胜达 2.0T TOP AT 4WD 7P,"263,718元","289,800元",2.48万,5.09万,,,,,,,
北京现代,全新胜达,全新胜达 2.0T TOP AT 4WD 7P V3,"267,358元","293,800元",2.51万,5.16万,,,,,,,
北京现代,全新胜达,全新胜达 2.0T TOP AT 4WD 7P V6,"270,998元","297,800元",2.55万,5.23万,,,,,,,
北京现代,全新胜达,全新胜达 2.0T TOP AT 4WD 7P V7,"274,638元","301,800元",2.58万,5.30万,,,,,,,
北京现代,名图,1.8 GL MT,"110,330元","129,800元",1.11万,3.06万,,,,,,,
北京现代,名图,1.8 GLS AT,"127,330元","149,800元",1.28万,3.53万,,,,,,,
北京现代,名图,1.8 DLX AT,"135,830元","159,800元",1.37万,3.76万,,,,,,,
北京现代,名图,1.6T GLS,"135,830元","159,800元",1.37万,3.76万,,,,,,,
北京现代,名图,1.6T TOP,"144,330元","169,800元",1.45万,4.00万,,,,,,,
北京现代,ix25,ix25 1.6 GS MT,"104,825元","119,800元",1.02万,2.52万,,,,,,,
北京现代,ix25,ix25 1.6 GS MT V1,"106,663元","121,900元",1.04万,2.57万,,,,,,,
北京现代,ix25,ix25 1.6 GS AT,"117,075元","133,800元",1.14万,2.82万,,,,,,,
北京现代,ix25,ix25 1.6 GS AT V1,"118,913元","135,900元",1.16万,2.86万,,,,,,,
北京现代,ix25,ix25 1.6 GS AT V4,"121,450元","138,800元",1.19万,2.92万,,,,,,,
北京现代,ix25,ix25 1.6 GLS AT,"124,950元","142,800元",1.22万,3.01万,,,,,,,
北京现代,ix25,ix25 1.6 GLS AT V2,"126,700元","144,800元",1.24万,3.05万,,,,,,,
北京现代,ix25,ix25 1.6 DLX AT,"137,200元","156,800元",1.34万,3.30万,,,,,,,
北京现代,ix25,ix25 1.6 DLX AT V3,"139,825元","159,800元",1.37万,3.36万,,,,,,,
北京现代,ix25,ix25 2.0 GLS AT,"145,950元","166,800元",1.43万,3.51万,,,,,,,
北京现代,ix25,ix25 2.0 GLS AT V3,"148,575元","169,800元",1.45万,3.57万,,,,,,,
北京现代,ix25,ix25 2.0 GLS AT 4WD,"163,450元","186,800元",1.60万,3.93万,,,,,,,
北京现代,ix25,ix25 1.6T GLS AT,"136,325元","155,800元",1.33万,3.28万,,,,,,,
北京现代,ix25,ix25 1.6T DLS AT,"148,575元","169,800元",1.45万,3.57万,,,,,,,
北京现代,索纳塔9代,索纳塔 2.0 GLS AT,"150,328元","174,800元",1.49万,3.94万,,,,,,,
北京现代,索纳塔9代,索纳塔 2.0 GLS AT V7（真皮座椅）,"153,768元","178,800元",1.53万,4.03万,,,,,,,
北京现代,索纳塔9代,索纳塔 2.0 GLS AT V9（智能钥匙）,"152,048元","176,800元",1.51万,3.99万,,,,,,,
北京现代,索纳塔9代,索纳塔 2.0 GLS AT V11（真皮座椅+智能钥匙）,"155,488元","180,800元",1.55万,4.08万,,,,,,,
北京现代,索纳塔9代,索纳塔 2.4 DLX AT,"187,308元","217,800元",1.86万,4.91万,,,,,,,
北京现代,索纳塔9代,索纳塔 2.4 LUX AT,"195,908元","227,800元",1.95万,5.14万,,,,,,,
北京现代,索纳塔9代,索纳塔 2.4 TOP AT,"214,828元","249,800元",2.14万,5.63万,,,,,,,
北京现代,索纳塔9代,索纳塔 1.6T GS AT,"154,628元","179,800元",1.54万,4.05万,,,,,,,
北京现代,索纳塔9代,索纳塔 1.6T GX AT,"160,648元","186,800元",1.60万,4.21万,,,,,,,
北京现代,索纳塔9代,索纳塔 1.6T GLS AT,"167,528元","194,800元",1.66万,4.39万,,,,,,,
北京现代,索纳塔9代,索纳塔 1.6T GLS AT（全景天窗）,"170,968元","198,800元",1.70万,4.48万,,,,,,,
北京现代,索纳塔9代,索纳塔 1.6T GLS AT（PIO净化器）,"168,818元","196,300元",1.68万,4.43万,,,,,,,
北京现代,索纳塔9代,索纳塔 1.6T GLS AT（全景天窗+PIO净化器）,"172,258元","200,300元",1.71万,4.52万,,,,,,,
北京现代,索纳塔9代,索纳塔 1.6T GLX AT,"178,708元","207,800元",1.78万,4.69万,,,,,,,
北京现代,索纳塔9代,索纳塔 1.6T DLX AT,"187,308元","217,800元",1.86万,4.91万,,,,,,,
北京现代,索纳塔9代,索纳塔 1.6T DLX AT（OEM）,"200,208元","232,800元",1.99万,5.25万,,,,,,,
北京现代,索纳塔9代,索纳塔9混动版 2.0HS 6AT2,"197,628元","229,800元",1.96万,5.18万,,,,,,,
北京现代,索纳塔9代,索纳塔9混动版 2.0HL 6AT2,"214,828元","249,800元",2.14万,5.63万,,,,,,,
北京现代,索纳塔9代,索纳塔9混动版 2.0HL 6AT2（选装包）,"223,428元","259,800元",2.22万,5.86万,,,,,,,
北京现代,全新途胜,2.0 GL 6MT2,"143,111元","159,900元",1.37万,3.05万,,,,,,,
北京现代,全新途胜,2.0 GL 6AT2,"147,586元","164,900元",1.41万,3.14万,,,,,,,
北京现代,全新途胜,2.0 GL 6AT2 V5（天窗）,"150,271元","167,900元",1.44万,3.20万,,,,,,,
北京现代,全新途胜,2.0 GLS 6AT2,"156,536元","174,900元",1.49万,3.33万,,,,,,,
北京现代,全新途胜,2.0 GLS 6AT2 V1（ISG）,"159,221元","177,900元",1.52万,3.39万,,,,,,,
北京现代,全新途胜,2.0 GLS 6AT2 V3（Special）,"161,906元","180,900元",1.55万,3.46万,,,,,,,
北京现代,全新途胜,2.0 GLS 6AT2 V2（全景天窗）,"160,116元","178,900元",1.53万,3.41万,,,,,,,
北京现代,全新途胜,2.0 GLS 6AT2 V3（全景天窗+电动尾门）,"163,696元","182,900元",1.56万,3.48万,,,,,,,
北京现代,全新途胜,2.0 GLS 6AT2 V7（侧气帘）,"158,326元","176,900元",1.51万,3.67万,,,,,,,
北京现代,全新途胜,2.0 GLS 6AT2 V18（电动座椅）,"157,878元","176,400元",1.51万,3.36万,,,,,,,
北京现代,全新途胜,2.0 GLS 6AT2 V18（ISG+全景天窗+电动尾门+侧气帘）,"167,276元","186,900元",1.60万,3.56万,,,,,,,
北京现代,全新途胜,1.6T GL 7AT2,"152,061元","169,900元",1.45万,3.24万,,,,,,,
北京现代,全新途胜,1.6T GL 7AT2 V5 （天窗）,"154,746元","172,900元",1.48万,3.29万,,,,,,,
北京现代,全新途胜,1.6T GLS 7AT2,"161,011元","179,900元",1.54万,3.43万,,,,,,,
北京现代,全新途胜,1.6T GLS 7AT2 V1（ISG）,"163,696元","182,900元",1.56万,3.48万,,,,,,,
北京现代,全新途胜,1.6T GLS 7AT2 V2（全景天窗）,"164,591元","183,900元",1.57万,3.50万,,,,,,,
北京现代,全新途胜,1.6T GLS 7AT2 V3（全景天窗+电动尾门）,"168,171元","187,900元",1.61万,3.58万,,,,,,,
北京现代,全新途胜,1.6T GLS 7AT2 V7（侧气帘）,"162,801元","181,900元",1.55万,3.46万,,,,,,,
北京现代,全新途胜,1.6T GLS 7AT2 V18（电动座椅）,"162,353元","181,400元",1.55万,3.56万,,,,,,,
北京现代,全新途胜,1.6T GLS 7AT2 V4（ISG+全景天窗+电动尾门+侧气帘）,"171,751元","191,900元",1.64万,3.66万,,,,,,,
北京现代,全新途胜,1.6T GLX 7AT2,"176,226元","196,900元",1.68万,3.75万,,,,,,,
北京现代,全新途胜,1.6T GLX 7AT2 V18（电动座椅）,"177,568元","198,400元",1.70万,3.78万,,,,,,,
北京现代,全新途胜,1.6T GLX 7AT2 V7（侧气帘）,"178,016元","198,900元",1.70万,3.79万,,,,,,,
北京现代,全新途胜,1.6T DLX 7AT4（ISG）,"193,231元","215,900元",1.85万,4.11万,,,,,,,
北京现代,全新途胜,1.6T DLX 7AT4 V6（ISG）（LED）,"195,916元","218,900元",1.87万,4.17万,,,,,,,
北京现代,全新途胜,1.6T TOP 7AT4（ISG）,"214,711元","239,900元",2.05万,4.57万,,,,,,,
北京现代,全新途胜,1.6T,TOP,7AT4（ISG）,,,,,,,,,[]
北京现代,全新途胜,（前驱车雷达，车道偏离预警，自动泊车）,"219,186元","244,900元",2.09万,4.46万,,,,,,,
广汽丰田,凯美瑞,凯美瑞 2.0E 精英版,"179,800元","179,800元",1.54万,1.54万,,,,,,,
广汽丰田,凯美瑞,凯美瑞 2.0E 领先版,"189,800元","189,800元",1.62万,1.62万,,,,,,,
广汽丰田,凯美瑞,凯美瑞 2.0G 豪华版,"199,800元","199,800元",1.71万,1.71万,,,,,,,
广汽丰田,凯美瑞,凯美瑞 2.5G 豪华版,"219,800元","219,800元",1.88万,1.88万,,,,,,,
广汽丰田,凯美瑞,凯美瑞 2.5Q 旗舰版,"259,800元","259,800元",2.22万,2.22万,,,,,,,
广汽丰田,凯美瑞,凯美瑞 2.0S 锋尚版,"205,800元","205,800元",1.76万,1.76万,,,,,,,
广汽丰田,凯美瑞,凯美瑞 2.5S 锋尚版,"222,800元","222,800元",1.90万,1.90万,,,,,,,
广汽丰田,凯美瑞,凯美瑞 双擎 2.5HG 豪华版,"239,800元","239,800元",2.05万,2.05万,,,,,,,
广汽丰田,凯美瑞,凯美瑞 双擎 2.5HQ 旗舰版,"279,800元","279,800元",2.39万,2.39万,,,,,,,
广汽丰田,雅力士,"致炫 1.5GS锐动版 外观仅天际白、珊瑚红；米内饰 98,512元","104,800元",1498ml,i-Super自动,79kw/6000rpm,,,,,,,
广汽丰田,雅力士,"致炫 1.5G 炫动天窗版 91,932元","97,800元",1498ml,i-Super自动,79kw/6000rpm,,,,,,,
广汽丰田,雅力士,"致炫 1.5G 炫动版 90,052元","95,800元",1498ml,i-Super自动,79kw/6000rpm,,,,,,,
广汽丰田,雅力士,"致炫 1.5G 炫动版 手动 82,532元","87,800元",1498ml,5挡自动,79kw/6000rpm,,,,,,,
广汽丰田,雅力士,"致炫 1.5E 魅动版 82,532元","87,800元",1329ml,i-Super自动,73kw/6000rpm,,,,,,,
广汽丰田,雅力士,"致炫 1.3E 魅动版 79,712元","84,800元",1329ml,i-Super自动,73kw/6000rpm,,,,,,,
广汽丰田,雅力士,"致炫 1.5E 劲速升级版 85,822元","91,300元",1329ml,i-Super自动,73kw/6000rpm,,,,,,,
广汽丰田,雅力士,"致炫 1.5E 劲速天窗升级版 95,222元","101,300元",1329ml,i-Super自动,73kw/6000rpm,,,,,,,
广汽丰田,雅力士,"致炫 1.3E 魅动版 手动 72,192元","76,800元",1329ml,5挡手动,73kw/6000rpm,,,,,,,
广汽丰田,雅力士,"致炫 1.3E 灵动版 手动 65,612元","69,800元",1329ml,5挡自动,73kw/6000rpm,,,,,,,
广汽丰田,汉兰达,汉兰达 2.0T 两驱精英版 5座（仅限墨晶黑、水晶银）,"239,800元","239,800元",2.05万,2.05万,,,,,,,
广汽丰田,汉兰达,汉兰达 2.0T 两驱精英版 7座（仅限墨晶黑、水晶银）,"248,800元","248,800元",2.13万,2.13万,,,,,,,
广汽丰田,汉兰达,汉兰达 2.0T 两驱豪华版 7座,"289,800元","289,800元",2.48万,2.48万,,,,,,,
广汽丰田,汉兰达,汉兰达 2.0T 两驱尊贵版 7座,"299,800元","299,800元",2.56万,2.56万,,,,,,,
广汽丰田,汉兰达,汉兰达 2.0T 四驱精英版 7座（仅限墨晶黑、水晶银）,"258,800元","258,800元",2.21万,2.21万,,,,,,,
广汽丰田,汉兰达,汉兰达 2.0T 四驱豪华版 7座,"299,800元","299,800元",2.56万,2.56万,,,,,,,
广汽丰田,汉兰达,汉兰达 2.0T 四驱尊贵版 7座,"309,800元","309,800元",2.65万,2.65万,,,,,,,
广汽丰田,汉兰达,汉兰达 2.0T 四驱至尊版 7座,"330,800元","330,800元",2.83万,2.83万,,,,,,,
广汽丰田,逸致,逸致,180E精英版,手动,,,,,,,,,[]
广汽丰田,逸致,"140,576元",,,,,,,,,,,[]
广汽丰田,逸致,"152,800元",,,,,,,,,,,[]
广汽丰田,逸致,1598ml,,,,,,,,,,,[]
广汽丰田,逸致,6MT,,,,,,,,,,,[]
广汽丰田,逸致,90kw/6000rpm,,,,,,,,,,,[]
广汽丰田,逸致,逸致,180E精英版,,,,,,,,,,[]
广汽丰田,逸致,"147,016元",,,,,,,,,,,[]
广汽丰田,逸致,"159,800元",,,,,,,,,,,[]
广汽丰田,逸致,1798ml,CVT,103kw/6400rpm,,,,,,,,,[]
广汽丰田,逸致,逸致,180E精英多功能版,,,,,,,,,,[]
广汽丰田,逸致,"156,216元","169,800元",1798ml,CVT,103kw/6400rpm,,,,,,,
广汽丰田,逸致,逸致,180G舒适版,,,,,,,,,,[]
广汽丰田,逸致,"156,216元",,,,,,,,,,,[]
广汽丰田,逸致,"169,800元",,,,,,,,,,,[]
广汽丰田,逸致,1798ml,CVT,103kw/6400rpm,,,,,,,,,[]
广汽丰田,逸致,逸致,180G豪华版,,,,,,,,,,[]
广汽丰田,逸致,"165,416元",,,,,,,,,,,[]
广汽丰田,逸致,"179,800元",,,,,,,,,,,[]
广汽丰田,逸致,1798ml,CVT,103kw/6400rpm,,,,,,,,,[]
广汽丰田,逸致,逸致,180G舒适多功能版,,,,,,,,,,[]
广汽丰田,逸致,"165,416元",,,,,,,,,,,[]
广汽丰田,逸致,"179,800元",,,,,,,,,,,[]
广汽丰田,逸致,1798ml,CVT,103kw/6400rpm,,,,,,,,,[]
广汽丰田,逸致,逸致,180G豪华多功能版,,,,,,,,,,[]
广汽丰田,逸致,"174,616元",,,,,,,,,,,[]
广汽丰田,逸致,"189,800元",,,,,,,,,,,[]
广汽丰田,逸致,1798ml,CVT,103kw/6400rpm,,,,,,,,,[]
广汽丰田,雷凌,雷凌双擎,1.8H,GS精英版,,,,,,,,,[]
广汽丰田,雷凌,"137,004元",,,,,,,,,,,[]
广汽丰田,雷凌,"139,800元",,,,,,,,,,,[]
广汽丰田,雷凌,1.19万,,,,,,,,,,,[]
广汽丰田,雷凌,1.47万,,,,,,,,,,,[]
广汽丰田,雷凌,雷凌双擎,1.8H,GS精英天窗版,,,,,,,,,[]
广汽丰田,雷凌,,"138,964元","141,800元",1.21万,1.50万,,,,,,,
广汽丰田,雷凌,雷凌双擎,1.8H,GS-L领先版,,,,,,,,,[]
广汽丰田,雷凌,"151,704元",,,,,,,,,,,[]
广汽丰田,雷凌,"154,800元",,,,,,,,,,,[]
广汽丰田,雷凌,1.32万,1.63万,,,,,,,,,,[]
广汽丰田,雷凌,雷凌双擎,1.8H,V豪华版,,,,,,,,,[]
广汽丰田,雷凌,"156,604元",,,,,,,,,,,[]
广汽丰田,雷凌,"159,800元",,,,,,,,,,,[]
广汽丰田,雷凌,1.37万,1.69万,,,,,,,,,,[]
长安福特,新福克斯 两厢,福克斯两厢 1.6L 手动舒适型 智行版,"89,362元","115,800元",约0.99万,约3.63万,,,,,,,
长安福特,新福克斯 两厢,福克斯两厢 1.6L 自动舒适型 智行版,"99,867元","126,800元",约1.08万,约3.78万,,,,,,,
长安福特,新福克斯 两厢,福克斯两厢 1.6L 手动风尚型 智行版,"99,322元","127,800元",约1.09万,约3.94万,,,,,,,
长安福特,新福克斯 两厢,福克斯两厢 1.6L 自动风尚型 智行版,"109,827元","138,800元",约1.19万,约4.08万,,,,,,,
长安福特,新福克斯 两厢,福克斯两厢 1.0T 手动超能风尚 智行版,"99,322元","127,800元",约1.09万,约3.94万,,,,,,,
长安福特,新福克斯 两厢,福克斯两厢 1.0T 自动超能风尚 智行版,"109,827元","138,800元",约1.19万,约4.08万,,,,,,,
长安福特,新福克斯 两厢,福克斯两厢 1.5T 自动精英型,"123,332元","149,800元",约1.28万,约3.93万,,,,,,,
长安福特,新福克斯 两厢,福克斯两厢 1.5T 自动运动型,"139,112元","165,800元",约1.42万,约4.09万,,,,,,,
长安福特,新福克斯 三厢,福克斯三厢 1.6L 手动舒适型 智行版,"91,412元","115,800元",约0.99万,约3.43万,,,,,,,
长安福特,新福克斯 三厢,福克斯三厢 1.6L 自动舒适型 智行版,"101,917元","126,800元",约1.08万,约3.57万,,,,,,,
长安福特,新福克斯 三厢,福克斯三厢 1.6L 手动风尚型 智行版,"101,372元","127,800元",约1.09万,约3.74万,,,,,,,
长安福特,新福克斯 三厢,福克斯三厢 1.6L 自动风尚型 智行版,"111,877元","138,800元",约1.19万,约3.88万,,,,,,,
长安福特,新福克斯 三厢,福克斯三厢 1.0T 手动超能风尚型 智行版,"101,372元","127,800元",约1.09万,约3.74万,,,,,,,
长安福特,新福克斯 三厢,福克斯三厢 1.0T 自动超能风尚型 智行版,"111,877元","138,800元",约1.19万,约3.88万,,,,,,,
长安福特,新福克斯 三厢,福克斯三厢 1.5T 自动精英型,"125,382元","149,800元",约1.28万,约3.72万,,,,,,,
长安福特,新福克斯 三厢,福克斯三厢 1.5T 自动旗舰型,"141,162元","165,800元",约1.42万,约3.88万,,,,,,,
长安福特,新福克斯 三厢,福克斯三厢 1.5T 自动旗舰型 选装A,"146,892元","171,800元",约1.47万,约3.96万,,,,,,,
长安福特,翼虎,翼虎 EcoBoost180 1.5T COGNA特别版,"163,962元","185,800元",约1.59万,约3.77万,,,,,,,
长安福特,翼虎,翼虎 EcoBoost180 1.5T 两驱精翼型,"150,380元","169,800元",约1.45万,约3.39万,,,,,,,
长安福特,翼虎,翼虎 EcoBoost180 1.5T 两驱铂翼型,"155,900元","179,800元",约1.54万,约3.93万,,,,,,,
长安福特,翼虎,翼虎 EcoBoost180 1.5T 两驱豪翼型,"170,647元","192,800元",约1.65万,约3.86万,,,,,,,
长安福特,翼虎,翼虎 EcoBoost180 1.5T 四驱豪翼型,"186,882元","209,800元",约1.79万,约4.08万,,,,,,,
长安福特,翼虎,翼虎 EcoBoost245 2.0T 四驱豪翼型,"196,432元","219,800元",约1.88万,约4.22万,,,,,,,
长安福特,翼虎,翼虎 EcoBoost245 2.0T 四驱运动型,"205,982元","229,800元",约1.96万,约4.35万,,,,,,,
长安福特,翼虎,翼虎 EcoBoost245 2.0T 四驱尊翼型,"225,082元","249,800元",约2.14万,约4.61万,,,,,,,
长安福特,翼虎,翼虎 EcoBoost245 2.0T 四驱尊翼型+19寸车轮,"230,812元","255,800元",约2.19万,约4.69万,,,,,,,
长安福特,翼博,翼博 1.5L手动精翼型,"72,560元","79,800元",约0.68万,约1.41万,,,,,,,
长安福特,翼博,翼博 1.5L自动精翼型,"79,812元","89,800元",约0.77万,约1.77万,,,,,,,
长安福特,翼博,翼博 1.5L自动铂翼型,"95,092元","105,800元",约0.90万,约1.98万,,,,,,,
长安福特,翼博,翼搏 1.5L自动尊翼型,"108,462元","119,800元",约1.02万,约2.16万,,,,,,,
长安福特,翼博,翼搏 1.0L自动尊翼型,"114,192元","125,800元",约1.08万,约2.24万,,,,,,,
长安福特,新蒙迪欧,蒙迪欧 1.5T EcoBoost 180舒适型(暂无车),"152,282元","179,800元",约1.54万,约4.29万,,,,,,,
长安福特,新蒙迪欧,蒙迪欧 1.5T EcoBoost 180时尚型,"164,697元","192,800元",约1.65万,约4.46万,,,,,,,
长安福特,新蒙迪欧,蒙迪欧 1.5T EcoBoost 180时尚型+科技包(暂无车),"169,472元","197,800元",约1.69万,约4.52万,,,,,,,
长安福特,新蒙迪欧,蒙迪欧 1.5T EcoBoost 180豪华型(暂无车),"180,252元","213,800元",约1.83万,约5.18万,,,,,,,
长安福特,新蒙迪欧,蒙迪欧 1.5T EcoBoost 180Cognac特别版(暂无车),"177,252元","213,800元",约1.83万,约5.48万,,,,,,,
长安福特,新蒙迪欧,蒙迪欧 2.0T EcoBoost 200时尚型(暂无车),"176,612元","205,800元",约1.76万,约4.68万,,,,,,,
长安福特,新蒙迪欧,蒙迪欧 2.0T EcoBoost 200时尚型+科技包(暂无车),"181,387元","210,800元",约1.80万,约4.74万,,,,,,,
长安福特,新蒙迪欧,蒙迪欧 2.0T EcoBoost 200豪华型(暂无车),"194,667元","226,800元",约1.94万,约5.15万,,,,,,,
长安福特,新蒙迪欧,蒙迪欧 2.0T EcoBoost 200Cognac特别版(暂无车),"191,667元","226,800元",约1.94万,约5.45万,,,,,,,
长安福特,新蒙迪欧,蒙迪欧 2.0T EcoBoost 245豪华运动型(暂无车),"213,767元","246,800元",约2.11万,约5.41万,,,,,,,
长安福特,新蒙迪欧,蒙迪欧 2.0T EcoBoost 245旗舰型(暂无车),"245,282元","279,800元",约2.39万,约5.84万,,,,,,,
长安福特,新蒙迪欧,,蒙迪欧,2.0T,EcoBoost,245旗舰型+19寸铝合金车轮,,,,,,,
长安福特,新蒙迪欧,(暂无车),"251,012元","285,800元",约2.44万,约5.92万,,,,,,,
长安福特,福睿斯,福睿斯 1.5手动舒适型,"72,387元","96,800元",0.83万,3.27万,,,,,,,
长安福特,福睿斯,福睿斯 1.5自动舒适型,"82,892元","107,800元",0.92万,3.41万,,,,,,,
长安福特,福睿斯,福睿斯 1.5手动时尚型 幸福版,"84,780元","110,300元",0.94万,3.49万,,,,,,,
长安福特,福睿斯,福睿斯 1.5手动时尚型 幸福版+科技安全包,"88,122元","113,800元",0.97万,3.54万,,,,,,,
长安福特,福睿斯,福睿斯 1.5自动时尚型,幸福版,"96,240元","122,300元",1.05万,,,,,,,
长安福特,福睿斯,3.65万,,,,,,,,,,,[]
长安福特,福睿斯,,,,,,,,,,,,[]
长安福特,锐界,锐界 EcoBoost245 2.0T 两驱精锐型（五座）,"208,460元","229,800元",约1.96万,约4.10万,,,,,,,
长安福特,锐界,锐界 EcoBoost245 2.0T 两驱铂锐型（七座）,"234,812元","259,800元",约2.22万,约4.72万,,,,,,,
长安福特,锐界,锐界 EcoBoost245 2.0T 两驱豪锐型,"244,362元","269,800元",约2.31万,约4.85万,,,,,,,
长安福特,锐界,锐界 EcoBoost245 2.0T 四驱豪锐型,"268,012元","299,800元",约2.56万,约5.74万,,,,,,,
长安福特,锐界,锐界 EcoBoost245 2.0T 四驱运动型,"273,012元","299,800元",约2.56万,约5.24万,,,,,,,
长安福特,锐界,锐界 EcoBoost245 2.0T 四驱尊锐型(无车),"287,112元","319,800元",约2.73万,约6.00万,,,,,,,
长安福特,锐界,锐界 EcoBoost245 2.0T 四驱尊锐型 + 安全科技包,"292,112元","319,800元",约2.73万,约5.50万,,,,,,,
长安福特,锐界,,锐界,EcoBoost330,2.7T,V6四驱旗舰型,,,,,,,
长安福特,锐界,（2017款最后车源，仅剩白色，购买需咨询）,"322,350元","429,800元",约3.67万,约14.42万,,,,,,,
长安福特,金牛座,金牛座 1.5L EcoBoost 180 豪华型,"194,607元","234,800元",约2.01万,约6.03万,,,,,,,
长安福特,金牛座,金牛座 2.0L EcoBoost 245 时尚型,"208,932元","249,800元",约2.14万,约6.22万,,,,,,,
长安福特,金牛座,金牛座 2.0L EcoBoost 245 卓越型,"228,032元","269,800元",约2.31万,约6.48万,,,,,,,
长安福特,金牛座,金牛座 2.0L EcoBoost 245 LTD限量版,"266,682元","299,800元",约2.56万,约5.87万,,,,,,,
长安福特,金牛座,金牛座 2.0L EcoBoost 245 Cognac 特别版,"214,662元","255,800元",约2.19万,约6.30万,,,,,,,
一汽丰田,新皇冠,皇冠 2.0T 先锋版 8AT,"242,060元","254,800元",2.18万,3.45万,,,,,,,
一汽丰田,新皇冠,皇冠 2.0T 时尚版 8AT,"270,560元","284,800元",2.43万,3.86万,,,,,,,
一汽丰田,新皇冠,皇冠 2.0T 运动版 8AT,"280,060元","294,800元",2.52万,3.99万,,,,,,,
一汽丰田,新皇冠,皇冠 2.0T 精英版 8AT,"321,860元","338,800元",2.90万,4.59万,,,,,,,
一汽丰田,新皇冠,皇冠 2.0T 尊享版 8AT,"362,710元","381,800元",3.26万,5.17万,,,,,,,
一汽丰田,新锐志,锐志 3.0V 尊锐导航版,"299,060元","314,800元",2.69万,4.26万,,,,,,,
一汽丰田,新锐志,锐志 2.5V 尊锐导航版,"261,060元","274,800元",2.35万,3.72万,,,,,,,
一汽丰田,新锐志,锐志 2.5V 尊锐版,"246,810元","259,800元",2.22万,3.52万,,,,,,,
一汽丰田,新锐志,锐志 2.5V 尚锐导航版,"239,210元","251,800元",2.15万,3.41万,,,,,,,
一汽丰田,新锐志,锐志 2.5V 尚锐版,"230,660元","242,800元",2.08万,3.29万,,,,,,,
一汽丰田,新锐志,锐志 2.5V 菁锐版,"218,310元","229,800元",1.96万,3.11万,,,,,,,
一汽丰田,新锐志,锐志 2.5S 菁锐版,"199,310元","209,800元",1.79万,2.84万,,,,,,,
一汽丰田,RAV4,荣放 2.0L 两驱都市版 CVT,"170,810元","179,800元",1.54万,2.44万,,,,,,,
一汽丰田,RAV4,荣放 2.0L 两驱风尚版 CVT,"189,810元","199,800元",1.71万,2.71万,,,,,,,
一汽丰田,RAV4,荣放 2.0L 两驱舒适版 CVT,"190,760元","200,800元",1.72万,2.72万,,,,,,,
一汽丰田,RAV4,荣放 2.0L 两驱风尚X版 CVT,"192,660元","202,800元",1.73万,2.75万,,,,,,,
一汽丰田,RAV4,荣放 2.0L 两驱智尚版 CVT,"204,060元","214,800元",1.84万,2.91万,,,,,,,
一汽丰田,RAV4,荣放 2.0L 四驱新锐版 CVT,"213,560元","224,800元",1.92万,3.05万,,,,,,,
一汽丰田,RAV4,荣放 2.5L 四驱精英i版 6AT（2018款）,"230,660元","242,800元",2.08万,3.29万,,,,,,,
一汽丰田,RAV4,荣放 2.5L 四驱尊贵版 6AT,"256,310元","269,800元",2.31万,3.65万,,,,,,,
一汽丰田,卡罗拉,1.8L CVT PUEMIUM 至高版,"155,610元","163,800元",1.40万,2.22万,,,,,,,
一汽丰田,卡罗拉,1.8L CVT GLX-i,"146,110元","153,800元",1.31万,2.08万,,,,,,,
一汽丰田,卡罗拉,1.2T CVT GLX-i,"136,610元","143,800元",1.23万,1.95万,,,,,,,
一汽丰田,卡罗拉,1.2T CVT GL-i真皮版,"129,960元","136,800元",1.17万,1.85万,,,,,,,
一汽丰田,卡罗拉,1.2T 手动 GL-i真皮版,"120,460元","126,800元",1.08万,1.72万,,,,,,,
一汽丰田,卡罗拉,1.2T CVT GL-i,"123,310元","129,800元",1.11万,1.76万,,,,,,,
一汽丰田,卡罗拉,1.2T 手动 GL-i,"113,810元","119,800元",1.02万,1.62万,,,,,,,
一汽丰田,卡罗拉,1.2T CVT GL,"113,810元","119,800元",1.02万,1.62万,,,,,,,
一汽丰田,卡罗拉,1.2T 手动 GL,"104,310元","109,800元",0.94万,1.49万,,,,,,,
一汽丰田,卡罗拉,1.6L 手动 GL,"102,410元","107,800元",0.92万,1.46万,,,,,,,
一汽丰田,卡罗拉,1.6L 自动 GL,"111,910元","117,800元",1.01万,1.60万,,,,,,,
一汽丰田,卡罗拉,双擎 1.8L 旗舰版 ECVT,"167,010元","175,800元",1.50万,2.38万,,,,,,,
一汽丰田,卡罗拉,双擎 1.8L 豪华版 ECVT,"152,760元","160,800元",1.37万,2.18万,,,,,,,
一汽丰田,卡罗拉,双擎 1.8L 精英版 ECVT,"142,310元","149,800元",1.28万,2.02万,,,,,,,
一汽丰田,卡罗拉,双擎 1.8L 领先版 ECVT,"136,610元","143,800元",1.23万,1.95万,,,,,,,
一汽丰田,卡罗拉,双擎 1.8L 先锋版 ECVT,"132,810元","139,800元",1.19万,1.89万,,,,,,,
一汽丰田,普拉多,3.5L SX 6AT,"421,610元","443,800元",3.79万,6.01万,,,,,,,
一汽丰田,普拉多,3.5L TX 6AT,"435,860元","458,800元",3.92万,6.22万,,,,,,,
一汽丰田,普拉多,3.5L TX-L 6AT,"473,860元","498,800元",4.26万,6.76万,,,,,,,
一汽丰田,普拉多,3.5L TX-L 6AT 后挂背胎,"483,360元","508,800元",4.35万,6.89万,,,,,,,
一汽丰田,普拉多,3.5L TX-L NAVI 6AT,"491,910元","517,800元",4.43万,7.01万,,,,,,,
一汽丰田,普拉多,3.5L TX-L NAVI 6AT 后挂背胎,"501,410元","527,800元",4.51万,7.15万,,,,,,,
一汽丰田,普拉多,3.5L VX 6AT,"549,860元","578,800元",4.95万,7.84万,,,,,,,
一汽丰田,普拉多,3.5L VX 6AT 后挂背胎,"559,360元","588,800元",5.03万,7.98万,,,,,,,
一汽丰田,普拉多,3.5L VX NAVI 6AT,"575,510元","605,800元",5.18万,8.21万,,,,,,,
一汽丰田,普拉多,3.5L VX NAVI 6AT 后挂背胎,"585,010元","615,800元",5.26万,8.34万,,,,,,,
一汽丰田,兰德酷路泽,兰德酷路泽 4.6VX-R 自动,"1,101,050元","1,159,000元",9.91万,15.70万,,,,,,,
一汽丰田,兰德酷路泽,兰德酷路泽 4.6VX 自动,"968,050元","1,019,000元",8.71万,13.80万,,,,,,,
一汽丰田,兰德酷路泽,兰德酷路泽 4.0VX 自动,"759,050元","799,000元",6.83万,10.82万,,,,,,,
一汽丰田,兰德酷路泽,兰德酷路泽 4.0GX-R 自动,"726,750元","765,000元",6.54万,10.36万,,,,,,,
一汽丰田,花冠,新花冠EX 1.6 豪华版自动,"108,110元","113,800元",0.97万,1.54万,,,,,,,
一汽丰田,花冠,新花冠EX 1.6 豪华版手动,"100,510元","105,800元",0.90万,1.43万,,,,,,,
一汽丰田,花冠,新花冠EX 1.6 卓越版自动,"103,360元","108,800元",0.93万,1.47万,,,,,,,
一汽丰田,花冠,新花冠EX 1.6 卓越版手动,"95,760元","100,800元",0.86万,1.37万,,,,,,,
一汽丰田,花冠,新花冠EX 1.6 超值版手动,"86,260元","90,800元",0.78万,1.23万,,,,,,,
一汽丰田,威驰,威驰 1.3L 手动前行版,"66,310元","69,800元",0.60万,0.95万,,,,,,,
一汽丰田,威驰,威驰 1.3L 手动锐行版,"72,010元","75,800元",0.65万,1.03万,,,,,,,
一汽丰田,威驰,威驰 1.3L 自动锐行版,"81,510元","85,800元",0.73万,1.16万,,,,,,,
一汽丰田,威驰,威驰 1.5L 手动创行版,"75,810元","79,800元",0.68万,1.08万,,,,,,,
一汽丰田,威驰,威驰 1.5L 自动创行版,"85,310元","89,800元",0.77万,1.22万,,,,,,,
一汽丰田,威驰,威驰 1.5L 手动智行版,"82,460元","86,800元",0.74万,1.18万,,,,,,,
一汽丰田,威驰,威驰 1.5L 自动智行版,"91,960元","96,800元",0.83万,1.31万,,,,,,,
一汽丰田,威驰,威驰 1.5L 自动尊行版,"108,110元","113,800元",0.97万,1.54万,,,,,,,
一汽丰田,奕泽IZOA,2.0L 奕动版,"142,310元","149,800元",约1.28万,约2.03万,,,,,,,
一汽丰田,奕泽IZOA,2.0L 奕驰版,"150,860元","158,800元",约1.36万,约2.15万,,,,,,,
一汽丰田,奕泽IZOA,2.0L 奕炫版,"167,010元","175,800元",约1.50万,约2.38万,,,,,,,
长安马自达,马自达2两厢,马自达2两厢,超值版1.5L手动,,,,,,,,,,[]
长安马自达,马自达2两厢,,"78,408元","84,800元",0.72万,1.36万,,,,,,,
长安马自达,马自达2两厢,马自达2两厢,超值版1.5L自动,,,,,,,,,,[]
长安马自达,马自达2两厢,,"86,088元","92,800元",0.79万,1.46万,,,,,,,
长安马自达,马自达2两厢,马自达2两厢,豪华版1.5L自动,,,,,,,,,,[]
长安马自达,马自达2两厢,,"94,728元","101,800元",0.87万,1.58万,,,,,,,
长安马自达,昂科塞拉两厢,1.5L 6MT 舒适型,"102,900元","112,900元",0.97万,1.97万,,,,,,,
长安马自达,昂科塞拉两厢,1.5L 6AT 舒适型,"113,900元","123,900元",1.06万,2.06万,,,,,,,
长安马自达,昂科塞拉两厢,1.5L 6AT 豪华型,"129,900元","139,900元",1.20万,2.20万,,,,,,,
长安马自达,昂科塞拉两厢,2.0L 6AT 豪华型,"139,900元","149,900元",1.28万,2.28万,,,,,,,
长安马自达,昂科塞拉两厢,2.0L 6AT 运动型,"149,900元","159,900元",1.37万,2.37万,,,,,,,
长安马自达,昂科塞拉两厢,2.0L 6AT 运动型+选装C,"160,700元","170,700元",1.46万,2.46万,,,,,,,
长安马自达,马自达2三厢,马自达2三厢,时尚版1.5L手动,,,,,,,,,,[]
长安马自达,马自达2三厢,,"78,408元","84,800元",0.72万,1.36万,,,,,,,
长安马自达,马自达2三厢,马自达2三厢,时尚版1.5L自动,,,,,,,,,,[]
长安马自达,马自达2三厢,,"86,088元","92,800元",0.79万,1.46万,,,,,,,
长安马自达,马自达2三厢,马自达2三厢,豪华版1.5L自动,,,,,,,,,,[]
长安马自达,马自达2三厢,,"94,728元","101,800元",0.87万,1.58万,,,,,,,
长安马自达,昂科塞拉三厢,1.5L 6MT 舒适型 102,",900元","112,900元",0.97万,1.97万,,,,,,,
长安马自达,昂科塞拉三厢,1.5L 6AT 舒适型,"113,900元","123,900元",1.06万,2.06万,,,,,,,
长安马自达,昂科塞拉三厢,1.5L 6MT 豪华型,"118,900元","128,900元",1.10万,2.10万,,,,,,,
长安马自达,昂科塞拉三厢,1.5L 6AT 豪华型,"129,900元","139,900元",1.20万,2.20万,,,,,,,
长安马自达,昂科塞拉三厢,1.5L 6AT 尊贵型,"140,900元","150,900元",1.29万,2.29万,,,,,,,
长安马自达,昂科塞拉三厢,1.5L 6AT 尊贵型 +选装A,"145,700元","155,700元",1.33万,2.33万,,,,,,,
长安马自达,昂科塞拉三厢,2.0L 6AT 尊贵型,"145,900元","155,900元",1.33万,2.33万,,,,,,,
长安马自达,昂科塞拉三厢,2.0L 6AT 旗舰型,"152,900元","162,900元",1.39万,2.39万,,,,,,,
长安马自达,昂科塞拉三厢,2.0L 6AT 旗舰型+选装B,"159,700元",169.700元,1.45万,2.45万,,,,,,,
长安马自达,昂科塞拉三厢,2.0L 6AT 旗舰型+选装B+D,"162,700元",172.700元,1.48万,2.48万,,,,,,,
长安马自达,马自达CX-5,2.0L 6MT 2WD 舒适型,"169,800元","169,800元",约1.45万元,约1.45万元,,,,,,,
长安马自达,马自达CX-5,2.0L 6AT 2WD 舒适型,"179,800元","179,800元",约1.54万元,约1.54万元,,,,,,,
长安马自达,马自达CX-5,2.0L 6AT 2WD 智尚型,"189,800元","189,800元",约1.62万元,约1.62万元,,,,,,,
长安马自达,马自达CX-5,2.0L 6AT 2WD 智享型,"199,800元","199,800元",约1.71万元,约1.71万元,,,,,,,
长安马自达,马自达CX-5,2.0L 6AT AWD 智享型,"209,800元","209,800元",约1.79万元,约1.79万元,,,,,,,
长安马自达,马自达CX-5,2.5L 6AT 2WD 智尊型,"219,800元","219,800元",约1.88万元,约1.88万元,,,,,,,
长安马自达,马自达CX-5,2.5L 6AT AWD 智尊型,"229,800元","229,800元",约1.96万元,约1.96万元,,,,,,,
长安马自达,马自达CX-5,2.5L 6AT AWD 旗舰型,"245,800元","245,800元",约2.10万元,约2.10万元,,,,,,,
东风日产,新天籁,天籁 2.0XL 智进版,"156,912元","186,800元",1.60万,4.59万,,,,,,,
东风日产,新天籁,天籁 2.0XL Upper 智尚版,"164,976元","196,400元",1.68万,4.82万,,,,,,,
东风日产,新轩逸,新轩逸 1.6XE 舒适版(MT),"95,200元","119,000元",1.02万,3.40万,,,,,,,
东风日产,新轩逸,新轩逸 1.6XE 舒适版(CVT),"103,200元","129,000元",1.10万,3.68万,,,,,,,
东风日产,新轩逸,新轩逸 1.6XL 豪华版(MT),"100,000元","125,000元",1.07万,3.57万,,,,,,,
东风日产,新轩逸,新轩逸 1.6XL +尊享版(CVT),"110,240元","137,800元",1.18万,3.93万,,,,,,,
东风日产,新轩逸,新轩逸 1.8XV 智尊版(CVT),"127,200元","159,000元",1.36万,4.54万,,,,,,,
东风日产,奇骏X-TRAIL,新奇骏 2.0L XE CVT 时尚版 2WD,"162,368元","188,800元",1.61万,4.26万,,,,,,,
东风日产,奇骏X-TRAIL,新奇骏 2.0L XL ITS CVT 舒适版 2WD,"169,248元","196,800元",1.68万,4.44万,,,,,,,
东风日产,奇骏X-TRAIL,新奇骏 2.0L XL ITS 3rows CVT 七座舒适版,2WD,"176,128元","204,800元",1.75万,,,,,,,
东风日产,奇骏X-TRAIL,新奇骏 2.5L XL CVT 智联领先版 4WD,"198,918元","231,300元",1.98万,5.22万,,,,,,,
东风日产,奇骏X-TRAIL,新奇骏 2.5L XL 3rows CVT 智联七座领先版 4WD,"205,798元","239,300元",2.05万,5.40万,,,,,,,
东风日产,奇骏X-TRAIL,新奇骏 2.5L XL ITS CVT 智联豪华版 4WD,"208,378元","242,300元",2.07万,5.46万,,,,,,,
东风日产,奇骏X-TRAIL,新奇骏 2.5L XV Premium CVT 智联至尊版 4WD,"233,318元","271,300元",2.32万,6万,,,,,,,
东风日产,骊威,骊威 舒适型 1.6XE MT,"73,788元","85,800元",0.73万,1.82万,,,,,,,
东风日产,骊威,骊威 舒适型 1.6XE CVT,"82,388元","95,800元",0.82万,2.06万,,,,,,,
东风日产,骊威,骊威 豪华型 1.6XL MT,"82,388元","95,800元",0.82万,2.16万,,,,,,,
东风日产,骊威,骊威 豪华型 1.6XL CVT,"90,988元","105,800元",0.90万,2.39万,,,,,,,
东风日产,骊威,骊威 真皮科技型,"87,548元","101,800元",0.87万,2.30万,,,,,,,
东风日产,骊威,骊威劲锐版 舒适型 1.6XL MT,"84,108元","97,800元",0.84万,2.21万,,,,,,,
东风日产,骊威,骊威劲锐版 舒适型 1.6XL CVT,"92,708元","107,800元",0.92万,2.43万,,,,,,,
东风日产,骊威,骊威劲锐版 豪华型 1.6XV MT,"92,192元","107,200元",0.92万,2.42万,,,,,,,
东风日产,骊威,骊威劲锐版 豪华型 1.6XV CVT,"100,792元","117,200元",1.00万,2.64万,,,,,,,
东风日产,骊威,骊威劲锐版 酷咖科技型,"96,148元","111,800元",0.96万,2.52万,,,,,,,
东风日产,新骐达,新骐达,1.6L,乐动版,MT（标配内饰）,"87,912元",,,,,,,
东风日产,新骐达,"99,900元",,,,,,,,,,,[]
东风日产,新骐达,0.85万,,,,,,,,,,,[]
东风日产,新骐达,2.05万,,,,,,,,,,,[]
东风日产,新骐达,新骐达,1.6L,乐动版,CVT（标配内饰）,"96,712元",,,,,,,
东风日产,新骐达,"109,900元",,,,,,,,,,,[]
东风日产,新骐达,0.94万,,,,,,,,,,,[]
东风日产,新骐达,2.26万,,,,,,,,,,,[]
东风日产,新骐达,新骐达,1.6L,酷动版,CVT,"100,232元",,,,,,,
东风日产,新骐达,"113,900元",,,,,,,,,,,[]
东风日产,新骐达,0.97万,2.34万,,,,,,,,,,[]
东风日产,新骐达,新骐达 1.6L 智行版 CVT,"108,152元","122,900元",1.05万,2.53万,,,,,,,
东风日产,新骐达,新骐达 1.6L 智尊版 CVT,"118,712元","134,900元",1.15万,2.77万,,,,,,,
东风日产,阳光,阳光 1.5L XE 舒适版,CVT,"71,840元","89,800元",0.77万,,,,,,,
东风日产,阳光,2.56万,,,,,,,,,,,[]
东风日产,阳光,阳光 1.5L XE 领先版,CVT,"72,800元","91,000元",0.78万,,,,,,,
东风日产,阳光,2.60万,,,,,,,,,,,[]
东风日产,阳光,阳光 1.5L XV 尊贵版 CVT,"90,240元","112,800元",0.96万,3.22万,,,,,,,
东风日产,阳光,阳光 1.5L XE 大师版 CVT,"75,200元","94,000元",0.80万,2.68万,,,,,,,
东风日产,轩逸经典型,轩逸经典 1.6XE舒适版(MT),"79,840元","99,800元",0.85万,2.85万,,,,,,,
东风日产,轩逸经典型,轩逸经典 1.6XE舒适版(CVT),"87,840元","109,800元",0.94万,3.13万,,,,,,,
东风日产,轩逸经典型,轩逸经典 1.6XE+智联领先版(MT),"85,040元","106,300元",0.91万,3.03万,,,,,,,
东风日产,轩逸经典型,轩逸经典 1.6XE+智联领先版(CVT),"93,040元","116,300元",0.99万,3.32万,,,,,,,
东风日产,轩逸经典型,轩逸经典 1.6XE+智联豪华版(MT),"86,640元","108,300元",0.93万,3.09万,,,,,,,
东风日产,轩逸经典型,轩逸经典 1.6XE+智联豪华版(CVT),"94,640元","118,300元",1.01万,3.38万,,,,,,,
东风日产,新逍客,逍客2.0XL CVT 精英版,"132,268元","153,800元",1.31万,3.47万,,,,,,,
东风日产,新逍客,逍客2.0XV CVT 智享版,"135,708元","157,800元",1.35万,3.56万,,,,,,,
东风日产,新逍客,逍客2.0XV PREM CVT 豪华版,"145,168元","168,800元",1.44万,3.81万,,,,,,,
东风日产,新逍客,逍客2.0XV TOP CVT 旗舰版(仅有深内饰),"163,228元","189,800元",1.62万,4.28万,,,,,,,
东风日产,新楼兰,楼兰2.5L XE 精英版,"205,368元","238,800元",2.04万,5.38万,,,,,,,
东风日产,新楼兰,楼兰2.5L XL 智联豪华版,"233,318元","271,300元",2.32万,6.12万,,,,,,,
东风日产,新楼兰,楼兰2.5L XL PLUS 智联领先版,"244,068元","283,800元",2.43万,6.40万,,,,,,,
东风日产,新楼兰,楼兰2.5T S/C HEV 4WD XE 混动 智联尊尚版,"258,258元","300,300元",2.57万,6.77万,,,,,,,
东风日产,新楼兰,楼兰2.5T S/C HEV 4WD XL 混动 四驱尊贵版,"289,218元","336,300元",2.87万,7.58万,,,,,,,
东风日产,新楼兰,楼兰2.5T S/C HEV 4WD XV 混动 四驱旗舰版,"323,188元","375,800元",3.21万,8.47万,,,,,,,
东风日产,全新蓝鸟,新蓝鸟 1.6L 高能版 CVT,"123,754元","143,900元",1.23万,3.24万,,,,,,,
东风日产,全新蓝鸟,新蓝鸟 1.6L 智酷版 CVT,"113,434元","131,900元",1.13万,2.97万,,,,,,,
东风日产,全新蓝鸟,新蓝鸟 1.6L 炫酷版 CVT,"106,554元","123,900元",1.06万,2.79万,,,,,,,
东风日产,全新蓝鸟,新蓝鸟 1.6L 炫酷版 MT,"97,954元","113,900元",0.97万,2.57万,,,,,,,
东风日产,全新蓝鸟,新蓝鸟 1.6L 时尚版 MT,"91,074元","105,900元",0.91万,2.39万,,,,,,,
东风日产,西玛,西玛 2.5L XL 豪华版,"199,840元","249,800元",约2.14万,约7.13万,,,,,,,
东风日产,劲客,劲客1.5L XE 酷动版,"87,824元","99,800元",0.85万,2.05万,,,,,,,
东风日产,劲客,劲客1.5L,XL,酷享版,,,,,,,,,[]
东风日产,劲客,,"108,064元","122,800元",1.05万,2.52万,,,,,,,
东风日产,劲客,劲客1.5L XV 智联豪华版(提供双色外观),"116,424元","132,300元",1.13万,2.72万,,,,,,,
东风日产,劲客,劲客1.5L XV TOP智联尊享版(提供双色外观),"120,824元","137,300元",1.17万,2.82万,,,,,,,
东风日产,途达 2018款,2.5L XE MT精英版,"161,310元","169,800元",1.45万,2.30万,,,,,,,
东风日产,途达 2018款,2.5L XL MT领先版,"180,310元","189,800元",1.62万,2.57万,,,,,,,
东风日产,途达 2018款,2.5L XL Upper 豪华版,"189,810元","199,800元",1.71万,2.71万,,,,,,,
东风日产,途达 2018款,2.5L XL XV 智享版,"208,810元","219,800元",1.88万,2.98万,,,,,,,
东风日产,途达 2018款,2.5L XL Upper 4WD 豪华版,"214,510元","225,800元",1.93万,3.06万,,,,,,,
东风日产,途达 2018款,2.5L XV 4WD 豪华版,"233,510元","245,800元",2.10万,3.33万,,,,,,,
上汽大众,斯柯达.明锐,经典款1.6L手动标准版,"81,600元","119,900元",1.02万元,4.85万元,,,,,,,
上汽大众,斯柯达.明锐,经典款1.6L手动舒适版,"89,900元","128,900元",1.10万元,5.00万元,,,,,,,
上汽大众,斯柯达.明锐,经典款1.6L手自一体标准版,"97,200元","136,900元",1.17万元,5.14万元,,,,,,,
上汽大众,斯柯达.明锐,经典款1.6L手自一体舒适版,"101,800元","141,900元",1.21万元,5.22万元,,,,,,,
上汽大众,斯柯达.明锐,新明锐1.6L手动标准版,"96,900元","119,900元",1.02万元,3.32万元,,,,,,,
上汽大众,斯柯达.明锐,新明锐1.6L手动舒适版,"105,200元","129,900元",1.11万元,3.58万元,,,,,,,
上汽大众,斯柯达.明锐,新明锐1.6L自动舒适版,"111,700元","136,900元",1.17万元,3.69万元,,,,,,,
上汽大众,斯柯达.明锐,新明锐1.6L自动豪华版,"120,900元","146,900元",1.26万元,3.86万元,,,,,,,
上汽大众,斯柯达.明锐,新明锐TSI230（1.2T）手自一体舒适版,"116,800元","139,900元",1.20万元,3.51万元,,,,,,,
上汽大众,斯柯达.明锐,新明锐TSI230（1.2T）手自一体豪华版,"125,700元","149,900元",1.28万元,3.70万元,,,,,,,
上汽大众,斯柯达.明锐,新明锐TSI230（1.2T）手自一体旗舰版,"132,800元","159,900元",1.37万元,4.08万元,,,,,,,
上汽大众,斯柯达.明锐,新明锐TSI280（1.4T）手自一体豪华版,"132,800元","159,900元",1.37万元,4.08万元,,,,,,,
上汽大众,斯柯达.明锐,新明锐TSI280（1.4T）手自一体旗舰版,"142,000元","169,900元",1.45万元,4.24万元,,,,,,,
上汽大众,斯柯达.明锐,明锐旅行车1.6L手动标准版,"108,900元","124,900元",1.07万元,2.67万元,,,,,,,
上汽大众,斯柯达.明锐,明锐旅行车1.6L自动舒适版,"124,500元","141,900元",1.21万元,2.95万元,,,,,,,
上汽大众,斯柯达.明锐,明锐旅行车1.6L手动豪华版,"124,500元","141,900元",1.21万元,2.95万元,,,,,,,
上汽大众,斯柯达.明锐,明锐旅行车1.6L自动豪华版,"133,700元","151,900元",1.30万元,3.12万元,,,,,,,
上汽大众,斯柯达.明锐,明锐旅行车TSI230（1.2T）手自一体舒适版,"128,400元","144,900元",1.24万元,2.89万元,,,,,,,
上汽大众,斯柯达.明锐,明锐旅行车TSI230（1.2T）手自一体豪华版,"137,600元","154,900元",1.32万元,3.05万元,,,,,,,
上汽大众,斯柯达.明锐,明锐旅行车TSI280（1.4T）手自一体豪华版,"145,600元","164,900元",1.41万元,3.34万元,,,,,,,
上汽大众,斯柯达.明锐,明锐旅行车TSI280（1.4T）手自一体旗舰版,"154,800元","174,900元",1.49万元,3.50万元,,,,,,,
上汽大众,新帕萨特,1.4T自动尊雅版,"163,600元","189,900元",约1.62万元,约4.25万元,,,,,,,
上汽大众,新帕萨特,1.4T自动尊荣版,"182,000元","211,900元",约1.81万元,约4.80万元,,,,,,,
上汽大众,新帕萨特,1.8T自动尊荣版,"190,200元","222,900元",约1.91万元,约5.18万元,,,,,,,
上汽大众,新帕萨特,1.8T自动御尊版,"209,700元","243,900元",约2.08万元,约5.50万元,,,,,,,
上汽大众,新帕萨特,2.0T自动御尊版,"222,600元","257,900元",约2.20万元,约5.73万元,,,,,,,
上汽大众,新帕萨特,3.0L自动旗舰版,"265,200元","303,900元",约2.60万元,约6.47万元,,,,,,,
上汽大众,朗逸,1.6L 自动风尚版,"109,400元","121,900元",约1.04万,约2.29万,,,,,,,
上汽大众,朗逸,1.6L 自动舒适版,"123,400元","136,900元",约1.17万,约2.52万,,,,,,,
上汽大众,朗逸,1.2T 自动舒适版,"126,200元","139,900元",约1.20万,约2.57万,,,,,,,
上汽大众,朗逸,1.4T 自动舒适版,"129,800元","149,900元",约1.26万,约2.97万,,,,,,,
上汽大众,朗逸,1.4T 自动豪华版,"141,900元","159,900元",约1.37万,约3.17万,,,,,,,
上汽大众,途安,280TSI（1.4T) 自动风尚版 7座,"138,400元","155,800元",约1.33万元,约3.07万元,,,,,,,
上汽大众,途安,280TSI（1.4T) 自动舒适版 7座,"151,400元","169,800元",约1.45万元,约3.29万元,,,,,,,
上汽大众,途安,280TSI（1.4T) 拓界版 7座,"163,500元","181,800元",约1.55万元,约3.38万元,,,,,,,
上汽大众,途安,280TSI（1.4T) 拓界版 6座,"163,500元","181,800元",约1.55万元,约3.38万元,,,,,,,
上汽大众,途安,280TSI（1.4T) 拓界豪华版 7座,"180,200元","199,800元",约1.71万元,约3.67万元,,,,,,,
上汽大众,途安,280TSI（1.4T) 拓界豪华版 6座,"180,200元","199,800元",约1.71万元,约3.67万元,,,,,,,
上汽大众,POLO,1.4L 自动风尚版 1.4L AQ160 trendline,"77,100元","87,900元",约0.75万,约1.83万,,,,,,,
上汽大众,POLO,1.4L MQ200 Cross Entry,"72,900元","84,900元",约0.73万,约1.93万,,,,,,,
上汽大众,POLO,1.4L AQ160 Cross Entry,"84,100元","96,900元",约0.83万,约2.11万,,,,,,,
上汽大众,POLO,1.6L 自动舒适版 1.6L AQ160 Comfortline,"92,000元","103,900元",约0.89万,约2.08万,,,,,,,
上汽大众,POLO,1.6L 自动豪华版 1.6L AQ160 Highline,"103,200元","115,900元",约0.99万,约2.26万,,,,,,,
上汽大众,POLO,1.6L AQ160 Cross,"103,600元","117,900元",约1.01万,约2.44万,,,,,,,
上汽大众,POLO,1.4T DQ200 GTI,"123,100元","146,900元",约1.26万,约3.64万,,,,,,,
上汽大众,斯柯达.晶锐,1.4L,手动创行版,"73,700元",,,,,,,,,[]
上汽大众,斯柯达.晶锐,"79,900元",,,,,,,,,,,[]
上汽大众,斯柯达.晶锐,0.68万元,1.30万元,,,,,,,,,,[]
上汽大众,斯柯达.晶锐,1.4L 手动前行版,"66,000元","69,600元",0.59万元,0.95万元,,,,,,,
上汽大众,斯柯达.晶锐,1.4L 自动创行版,"81,600元","89,900元",0.77万元,1.60万元,,,,,,,
上汽大众,斯柯达.晶锐,1.4L 自动前行版,"74,400元","79,600元",0.68万元,1.20万元,,,,,,,
上汽大众,斯柯达.晶锐,1.6L 自动创行版,"83,700元","94,900元",0.81万元,1.93万元,,,,,,,
上汽大众,斯柯达.晶锐,1.6L 自动运动版,"87,400元","99,900元",0.85万元,2.10万元,,,,,,,
上汽大众,斯柯达.晶锐,1.6L 自动智行版,"93,800元","109,900元",0.94万元,2.55万元,,,,,,,
上汽大众,途观,全新途观L 280TSI 舒适版前驱（1.4T低功率）,"208,400元","226,800元",1.94万元,3.78万元,,,,,,,
上汽大众,途观,全新途观L 330TSI 风尚版前驱（2.0T低功率）,"205,600元","223,800元",1.91万元,3.73万元,,,,,,,
上汽大众,途观,全新途观L 330TSI 舒适版前驱（2.0T低功率）,"227,000元","246,800元",2.11万元,4.09万元,,,,,,,
上汽大众,途观,全新途观L 330TSI 豪华版前驱（2.0T低功率）,"239,100元","259,800元",2.22万元,4.29万元,,,,,,,
上汽大众,途观,全新途观L 330TSI 旗舰版前驱（2.0T低功率）,"254,900元","276,800元",2.37万元,4.56万元,,,,,,,
上汽大众,途观,全新途观L 380TSI 豪华版四驱（2.0T高功率）,"267,000元","289,800元",2.48万元,4.76万元,,,,,,,
上汽大众,途观,全新途观L 380TSI 旗舰版四驱（2.0T高功率）,"295,000元","319,800元",2.73万元,5.21万元,,,,,,,
上汽大众,途观,全新途观L 380TSI 至尊旗舰版四驱（2.0T高功率）,"331,200元","359,800元",3.08万元,5.94万元,,,,,,,
上汽大众,斯柯达.速派,1.4T 手动标准版,"138,500元","169,800元",1.45万元,4.58万元,,,,,,,
上汽大众,斯柯达.速派,1.4T 自动标准版,"144,800元","179,800元",1.54万元,5.04万元,,,,,,,
上汽大众,斯柯达.速派,1.4T 自动舒适版,"154,000元","189,800元",1.62万元,5.20万元,,,,,,,
上汽大众,斯柯达.速派,1.8T 自动舒适版,"163,700元","199,800元",1.71万元,5.32万元,,,,,,,
上汽大众,斯柯达.速派,1.8T 自动豪华版,"180,300元","217,800元",1.86万元,5.61万元,,,,,,,
上汽大众,斯柯达.速派,2.0T 自动旗舰版,"209,900元","249,800元",2.14万元,6.13万元,,,,,,,
上汽大众,凌渡,1.4T 手动风尚版,"117,300元","145,900元",1.25万,4.11万,,,,,,,
上汽大众,凌渡,1.4T 自动风尚版,"130,300元","159,900元",1.37万,4.33万,,,,,,,
上汽大众,凌渡,1.4T 手动舒适版(暂无),"138,300元","170,900元",1.46万,4.72万,,,,,,,
上汽大众,凌渡,1.4T 自动舒适版,"151,300元","184,900元",1.58万,4.94万,,,,,,,
上汽大众,凌渡,1.4T 自动豪华版,"167,100元","201,900元",1.73万,5.21万,,,,,,,
上汽大众,凌渡,1.8T 自动豪华版(暂无),"180,100元","215,900元",1.85万,5.43万,,,,,,,
上汽大众,凌渡,2.0T GTS(暂无),"184,800元","228,900元",1.96万,6.37万,,,,,,,
上汽大众,朗行,"1.6L 自动风尚版 110,500元","124,900元",1598ml,6档手自一体,81kw/5800rpm,,,,,,,
上汽大众,朗行,"1.6L 自动舒适版 124,500元","139,900元",1598ml,6档手自一体,81kw/5800rpm,,,,,,,
上汽大众,朗行,"1.2T 自动舒适版 127,300元","142,900元",1598ml,6档手自一体,81kw/5800rpm,,,,,,,
上汽大众,朗行,"1.4T 自动舒适版 130,800元","149,900元",1395ml,7档DSG,96kw/5000rpm,,,,,,,
上汽大众,朗行,"1.4T 自动豪华版 143,000元","162,900元",1395ml,7档DSG,96kw/5000rpm,,,,,,,
上汽大众,辉昂,辉昂380TSI商务版,"265,300元","349,000元",2.98万,11.35万,,,,,,,
上汽大众,辉昂,辉昂380TSI豪华版,"320,800元","409,000元",3.50万,12.32万,,,,,,,
上汽大众,辉昂,辉昂380TSI旗舰版,"348,600元","439,000元",3.75万,12.79万,,,,,,,
上汽大众,辉昂,辉昂380TSI至尊旗舰版,"404,100元","499,000元",4.26万,13.75万,,,,,,,
上汽大众,辉昂,辉昂480V6豪华版,"431,800元","529,000元",4.52万,14.24万,,,,,,,
上汽大众,辉昂,辉昂480V6旗舰版,"459,600元","559,000元",4.78万,14.72万,,,,,,,
上汽大众,辉昂,辉昂480V6至尊旗舰版,"552,100元","659,000元",5.63万,16.32万,,,,,,,
上汽大众,斯柯达.柯迪亚克,柯迪亚克2.0T BZ自动标准版（暂无车）,"177,000元","189,800元",约1.62万,约2.90万,,,,,,,
上汽大众,斯柯达.柯迪亚克,柯迪亚克2.0T BZ自动舒适版（暂无车）,"195,600元","209,800元",约1.79万,约3.21万,,,,,,,
上汽大众,斯柯达.柯迪亚克,柯迪亚克2.0T BZ自动豪华版（暂无车）,"204,900元","219,800元",约1.88万,约3.37万,,,,,,,
上汽大众,斯柯达.柯迪亚克,柯迪亚克2.0T BZ自动7座豪华版（暂无车）,"214,100元","229,800元",约1.96万,约3.53万,,,,,,,
上汽大众,斯柯达.柯迪亚克,柯迪亚克2.0T BZ自动7座豪华科技版,"232,700元","249,800元",约2.14万,约3.85万,,,,,,,
上汽大众,斯柯达.柯迪亚克,柯迪亚克2.0T BZ自动7座四驱旗舰版,"251,200元","269,800元",约2.31万,约4.17万,,,,,,,
上汽大众,途昂,途昂 330TSI 自动舒适版前驱（2.0T）,"281,200元","308,900元",2.64万,5.41万,,,,,,,
上汽大众,途昂,途昂 380TSI 自动舒适版四驱（2.0T）,"299,700元","328,900元",2.81万,5.73万,,,,,,,
上汽大众,途昂,途昂 330TSI 自动豪华版前驱（2.0T）,"309,000元","338,900元",2.90万,5.89万,,,,,,,
上汽大众,途昂,途昂 380TSI 自动豪华版四驱（2.0T）,"336,700元","368,900元",3.15万,6.37万,,,,,,,
上汽大众,途昂,途昂 330TSI 自动旗舰版前驱（2.0T）,"364,500元","398,900元",3.41万,6.85万,,,,,,,
上汽大众,途昂,途昂 380TSI 自动旗舰版四驱（2.0T）,"392,200元","428,900元",3.67万,7.34万,,,,,,,
上汽大众,斯柯达.柯珞克,2018款 柯珞克 TSI280 (1.4T)舒适版,"143,000元","156,900元",约1.34万,约2.73万,,,,,,,
上汽大众,斯柯达.柯珞克,2018款 柯珞克 TSI280 (1.4T)豪华版,"154,500元","169,900元",约1.45万,约2.99万,,,,,,,
上汽大众,斯柯达.柯珞克,2018款 柯珞克 TSI280 (1.4T)旗舰版,"168,200元","185,900元",约1.59万,约3.36万,,,,,,,
凯迪拉克,凯迪拉克XTS,凯迪拉克XTS 28T 技术型,"245,918元","299,900元",约2.56万,约7.96万,,,,,,,
凯迪拉克,凯迪拉克XTS,凯迪拉克XTS 28T 精英型,"262,318元","319,900元",约2.73万,约8.49万,,,,,,,
凯迪拉克,凯迪拉克XTS,凯迪拉克XTS 28T 豪华型,"295,118元","359,900元",约3.08万,约9.55万,,,,,,,
凯迪拉克,凯迪拉克ATS-L,凯迪拉克ATS-L 28T 技术型,"215,136元","298,800元",约2.55万,约10.92万,,,,,,,
凯迪拉克,凯迪拉克ATS-L,凯迪拉克ATS-L 28T 时尚型,"229,536元","318,800元",约2.72万,约11.65万,,,,,,,
凯迪拉克,凯迪拉克CT6,凯迪拉克CT6 28T 时尚型,"329,925元","439,900元",约3.76万,约14.76万,,,,,,,
凯迪拉克,凯迪拉克CT6,凯迪拉克CT6 28T 精英型,"352,425元","469,900元",约4.02万,约15.76万,,,,,,,
凯迪拉克,凯迪拉克CT6,凯迪拉克CT6 28T 豪华型,"367,425元","489,900元",约4.19万,约16.43万,,,,,,,
凯迪拉克,凯迪拉克CT6,凯迪拉克CT6 28T 领先型,"412,425元","549,900元",约4.70万,约18.45万,,,,,,,
凯迪拉克,凯迪拉克CT6,凯迪拉克CT6 28T 铂金型,"464,925元","619,900元",约5.30万,约20.80万,,,,,,,
凯迪拉克,凯迪拉克CT6,凯迪拉克CT6 40T 领先型,"509,925元","679,900元",约5.81万,约22.81万,,,,,,,
凯迪拉克,凯迪拉克CT6,凯迪拉克CT6 40T 铂金型,"614,100元","818,800元",约7.00万,约27.47万,,,,,,,
凯迪拉克,XT5,凯迪拉克XT5 25T技术型,"296,917.5元","359,900元",约3.08万,约9.37万,,,,,,,
凯迪拉克,XT5,凯迪拉克XT5 25T豪华型,"321,667.5元","389,900元",约3.33万,约10.16万,,,,,,,
凯迪拉克,XT5,凯迪拉克XT5 28E四驱技术型,"313,417.5元","379,900元",约3.25万,约9.90万,,,,,,,
凯迪拉克,XT5,凯迪拉克XT5,28T四驱豪华型,"346,417.5元","419,900元",约3.59万,,,,,,,
凯迪拉克,XT5,约10.94万,,,,,,,,,,,[]
凯迪拉克,XT5,,,,,,,,,,,,[]
东风本田,CR-V,240TURBO 手动两驱经典版,"169,800元","169,800元",1.45万,1.45万,,,,,,,
东风本田,CR-V,240TURBO 自动两驱舒适版,"179,800元","179,800元",1.54万,1.54万,,,,,,,
东风本田,CR-V,240TURBO 自动两驱都市版,"192,800元",192800元,1.65万,1.65万,,,,,,,
东风本田,CR-V,240TURBO 自动两驱风尚版,"203,800元","203,800元",1.74万,1.74万,,,,,,,
东风本田,CR-V,240TURBO 自动四驱豪华版,"213,800元","213,800元",1.83万,1.83万,,,,,,,
东风本田,CR-V,240TURBO 自动四驱尊贵版,"231,800元","231,800元",1.98万,1.98万,,,,,,,
东风本田,CR-V,240TURBO 自动四驱尊耀版,"249,800元","249,800元",2.14万,2.14万,,,,,,,
东风本田,CR-V,锐·混动 2.0 净速版,"219,800元","219,800元",1.88万,1.88万,,,,,,,
东风本田,CR-V,锐·混动 2.0 净驰版,"239,800元","239,800元",2.05万,2.05万,,,,,,,
东风本田,CR-V,锐·混动 2.0 净致版,"259,800元","259,800元",2.22万,2.22万,,,,,,,
东风本田,思铂睿,思铂睿 2.0L 经典版,"161,910元","179,900元",约1.54万,约3.34万,,,,,,,
东风本田,思铂睿,思铂睿 2.0L 舒适版,"179,910元","199,900元",约1.71万,约3.71万,,,,,,,
东风本田,思铂睿,思铂睿 2.4L 豪华,"206,910元","229,900元",约1.96万,约4.26万,,,,,,,
东风本田,思铂睿,思铂睿 2.4L Si,"241,110元","267,900元",约2.29万,约4.97万,,,,,,,
东风本田,思铂睿,锐·混动 2.0L 净驰版,"224,910元","249,900元",约2.14万,约4.63万,,,,,,,
东风本田,思铂睿,锐·混动 2.0L 净致版,"239,310元","267,900元",约2.27万,约4.93万,,,,,,,
东风本田,思域CIVIC,思域 180TURBO 手动舒适版,"115,900元","115,900元",0.99万,0.99万,,,,,,,
东风本田,思域CIVIC,思域 180TURBO 自动舒适版,"127,900元","127,900元",1.09万,1.09万,,,,,,,
东风本田,思域CIVIC,思域 220TURBO 手动豪华版,"129,900元","129,900元",1.11万,1.11万,,,,,,,
东风本田,思域CIVIC,思域 220TURBO 自动豪华版,"139,900元","139,900元",1.20万,1.20万,,,,,,,
东风本田,思域CIVIC,思域 220TURBO 自动尊贵版,"155,900元","155,900元",1.33万,1.33万,,,,,,,
东风本田,思域CIVIC,思域 220TURBO 自动尊耀版,"169,900元","169,900元",1.45万,1.45万,,,,,,,
东风本田,XR-V,XR-V 1.5L 经典版Lxi 手动,"120,132元","127,800元",1.09万,1.86万,,,,,,,
东风本田,XR-V,XR-V 1.5L 经典版Lxi CVT,"129,532元","137,800元",1.18万,2.00万,,,,,,,
东风本田,XR-V,XR-V 1.8L 舒适版Exi 手动,"131,412元","139,800元",1.19万,2.03万,,,,,,,
东风本田,XR-V,XR-V 1.8L 舒适版Exi CVT,"140,812元","149,800元",1.28万,2.18万,,,,,,,
东风本田,XR-V,XR-V 1.8L 豪华版Vti CVT,"153,032元","162,800元",1.39万,2.37万,,,,,,,
东风本田,杰德,杰德 1.8L 自动经典版 5座,"122,106元","129,900元",约1.11万,约1.89万,,,,,,,
东风本田,杰德,杰德 1.8L 自动舒适版 5座,"131,506元","139,900元",约1.20万,约2.04万,,,,,,,
东风本田,杰德,杰德 1.8L 自动舒适版 6座,"140,906元","149,900元",约1.28万,约2.18万,,,,,,,
东风本田,杰德,杰德 210TURBO CVT 风尚版 5座,"146,546元","155,900元",约1.33万,约2.27万,,,,,,,
东风本田,杰德,杰德 210TURBO CVT 豪华版 5座,"155,946元","165,900元",约1.42万,约2.41万,,,,,,,
东风本田,杰德,杰德 210TURBO CVT 豪华版 6座,"169,106元","179,900元",约1.54万,约2.62万,,,,,,,
东风本田,艾力绅,艾力绅 2.4L 经典版,"242,306元","249,800元",约2.14万,约2.88万,,,,,,,
东风本田,艾力绅,艾力绅 2.4L 舒适版,"255,886元","263,800元",约2.25万,约3.05万,,,,,,,
东风本田,艾力绅,艾力绅 2.4L 风尚版,"267,526元","275,800元",约2.36万,约3.18万,,,,,,,
东风本田,艾力绅,艾力绅 2.4L 豪华版,"284,016元","292,800元",约2.50万,约3.38万,,,,,,,
东风本田,艾力绅,艾力绅 2.4L 至尊版,"300,506元","309,800元",约2.65万,约3.58万,,,,,,,
东风本田,思铭,思铭 1.8L 舒适版Exi 手动,停产,"99,900元",-,-,,,,,,,
东风本田,思铭,思铭 1.8L 舒适版Exi 自动,"101,108元","109,900元",0.94万,1.82万,,,,,,,
东风本田,思铭,思铭 1.8L 豪华版Vti 自动,停产,"116,900元",-,-,,,,,,,
东风本田,思铭,思铭 1.8L 舒适版Exi 手动,停产,"99,900元",-,-,,,,,,,
东风本田,思铭,思铭 1.8L 舒适版Exi 自动,"101,108元","109,900元",0.94万,1.82万,,,,,,,
东风本田,思铭,思铭 1.8L 豪华版Vti 自动,停产,"116,900元",-,-,,,,,,,
东风本田,UR-V,UR-V 240TURBO经典版,"246,800元","249,800元",约2.11万,约2.11万,,,,,,,
东风本田,UR-V,UR-V 240TURBO豪华版,"267,800元","267,800元",约2.29万,约2.29万,,,,,,,
东风本田,UR-V,UR-V 370TURBO尊贵版,"279,800元","279,800元",约2.39万,约2.39万,,,,,,,
东风本田,UR-V,UR-V 370TURBO尊享版,"292,800元","292,800元",约2.50万,约2.50万,,,,,,,
东风本田,UR-V,UR-V 370TURBO尊耀版,"329,800元","329,800元",约2.82万,约2.82万,,,,,,,
上海汽车,荣威350,"荣威 350 1.5MT 迅驰版 85,215元","89,700元",1.5L,手动,80kw/6000rpm,,,,,,,
上海汽车,荣威350,"荣威 350 1.5MT 迅驰版+inkaNet 90,915元","95,700元",1.5L,手动,80kw/6000rpm,,,,,,,
上海汽车,荣威350,"荣威 350 1.5MT 迅捷版 89,965元","94,700元",1.5L,手动,80kw/6000rpm,,,,,,,
上海汽车,荣威350,"荣威 350 1.5MT 迅捷版+inkaNet 95,665元","100,700元",1.5L,手动,80kw/6000rpm,,,,,,,
上海汽车,荣威350,"荣威 350 1.5AT 迅达版 93,765元","98,700元",1.5L,自动,80kw/6000rpm,,,,,,,
上海汽车,荣威350,"荣威 350 1.5AT 迅达版+inkaNet 99,465元","104,700元",1.5L,自动,80kw/6000rpm,,,,,,,
上海汽车,荣威350,"荣威 350 1.5MT 迅智版 100,415元","105,700元",1.5L,手动,80kw/6000rpm,,,,,,,
上海汽车,荣威350,"荣威 350 1.5MT 迅智版+inkaNet 105,165元","110,700元",1.5L,手动,80kw/6000rpm,,,,,,,
上海汽车,荣威350,"荣威 350 1.5AT 迅悦版 98,515元","103,700元",1.5L,自动,80kw/6000rpm,,,,,,,
上海汽车,荣威350,"荣威 350 1.5AT 迅悦版+inkaNet 104,215元","109,700元",1.5L,自动,80kw/6000rpm,,,,,,,
上海汽车,荣威350,"荣威 350 1.5AT 迅逸版 108,965元","114,700元",1.5L,自动,80kw/6000rpm,,,,,,,
上海汽车,荣威350,"荣威 350 1.5AT 迅逸版+inkaNet 113,715元","119,700元",1.5L,自动,80kw/6000rpm,,,,,,,
上海汽车,荣威350,"荣威 350 1.5AT 迅豪版 118,465元","124,700元",1.5L,自动,80kw/6000rpm,,,,,,,
上海汽车,荣威350,"荣威 350 1.5AT 迅豪版+inkaNet 122,265元","128,700元",1.5L,自动,80kw/6000rpm,,,,,,,
上海汽车,荣威550,"荣威 550 1.8DVVT 手动启悦版 118,560元","124,800元",1.8DVVT,5MT,98kw/6000rpm,,,,,,,
上海汽车,荣威550,"荣威 550 1.8DVVT 自动启智版 129,960元","136,800元",1.8DVVT,5速手自一体,98kw/6000rpm,,,,,,,
上海汽车,荣威550,"荣威 550S 1.8DVVT 手动超值版 121,410元","127,800元",1.8DVVT,5MT,98kw/6000rpm,,,,,,,
上海汽车,荣威550,"荣威 550S 1.8DVVT 自动超值版 132,810元","139,800元",1.8DVVT,5速手自一体,98kw/6000rpm,,,,,,,
上海汽车,荣威550,"荣威 550S 1.8DVVT 自动启逸版 130,910元","137,800元",1.8DVVT,5速手自一体,98kw/6000rpm,,,,,,,
上海汽车,荣威550,"荣威 550S 1.8DVVT 自动启臻版 142,310元","149,800元",1.8DVVT,5速手自一体,98kw/6000rpm,,,,,,,
上海汽车,荣威550,"荣威 550D 1.8T 手动品逸版 147,060元","154,800元",1.8T涡轮增压,5MT,118kw/6500rpm,,,,,,,
上海汽车,荣威550,"荣威 550D 1.8T 自动品臻版 158,460元","166,800元",1.8T涡轮增压,5速手自一体,118kw/6500rpm,,,,,,,
上海汽车,荣威550,"荣威 550G 1.8T 自动品仕版 180,310元","189,800元",1.8T涡轮增压,5速手自一体,118kw/6500rpm,,,,,,,
上海汽车,荣威750,"荣威 750S迅雅版 MT 154,660元","162,800元",1.8T涡轮增压,5MT,118kw/5500rpm,,,,,,,
上海汽车,荣威750,"荣威 750S迅雅版 AT 166,060元","174,800元",1.8T涡轮增压,5AT,118kw/5500rpm,,,,,,,
上海汽车,荣威750,"荣威 750D NAVI商雅版 MT 173,660元","182,800元",1.8T涡轮增压,5MT,118kw/5500rpm,,,,,,,
上海汽车,荣威750,"荣威 750D NAVI商雅版 AT 183,160元","192,800元",1.8T涡轮增压,5AT,118kw/5500rpm,,,,,,,
上海汽车,荣威750,"荣威 750EX NAVI祺雅版 AT 213,560元","224,800元",1.8T涡轮增压,5AT,118kw/5500rpm,,,,,,,
上海汽车,荣威750,"荣威 750E NAVI贵雅版 AT 220,210元","231,800元",2.5V6,5AT,135kw/6500rpm,,,,,,,
上海汽车,荣威750,"荣威 750FL NAVI豪雅版 AT 245,860元","258,800元",2.5V6,5AT,135kw/6500rpm,,,,,,,
上海汽车,名爵MG3,"MG3 SW 1.4L手动舒适型 75,810元",79800元,1396ml,5MT,76kw/6000rpm,,,,,,,
上海汽车,名爵MG3,"MG3 SW 1.4L手动豪华型 85,310元",89800元,1396ml,5MT,76kw/6000rpm,,,,,,,
上海汽车,名爵MG3,"MG3 SW 1.4L自动舒适型 85,310元",89800元,1396ml,CVT,76kw/6000rpm,,,,,,,
上海汽车,名爵MG3,"MG3 SW 1.4L自动豪华型 95,760元",100800元,1396ml,CVT,76kw/6000rpm,,,,,,,
上海汽车,名爵MG3,"MG3 SW 1.8L自动豪华型 104,310元",109800元,1796ml,CVT,88kw/5500rpm,,,,,,,
上海汽车,名爵MG6,MG6 1.8T 自动驾值版MY14,"131,412元","139,800元",约1.19万元,约2.03万元,,,,,,,
上海汽车,名爵MG6,MG6,1.8T,自动性能版MY14,,,,,,,,,[]
上海汽车,名爵MG6,真皮座椅+红色缝线,"139,778元","148,700元",约1.27万元,约1.84万元,,,,,,,
上海汽车,名爵MG6,MG6 1.8L 手动驾值版MY14,"119,192元","126,800元",约1.08万元,约1.97万元,,,,,,,
上海汽车,名爵MG6,MG6,1.8T,手动性能版MY14,,,,,,,,,[]
上海汽车,名爵MG6,真皮座椅+红色缝线,"127,558元","135,700元",约1.16万元,约2.16万元,,,,,,,
上海汽车,名爵MG7,"MG7 1.8T MT舒适版 148,960元","156,800元",1796,5MT,118kw/5500rpm,,,,,,,
上海汽车,名爵MG7,"MG7 1.8T AT舒适版 160,360元","168,800元",1796,5速手自一体,118kw/5500rpm,,,,,,,
上海汽车,名爵MG7,"MG7 1.8T AT精英版 178,410元","187,800元",1796,5速手自一体,118kw/5500rpm,,,,,,,
上海汽车,名爵MG7,"MG7 1.8T AT豪华版 192,660元","202,800元",1796,5速手自一体,118kw/5500rpm,,,,,,,
上海汽车,名爵MG7,"MG7L 1.8T AT舒适版 204,060元","214,800元",1796,5速手自一体,118kw/5500rpm,,,,,,,
上海汽车,名爵MG7,"MG7L 1.8T AT豪华版 232,560元","244,800元",1796,5速手自一体,118kw/5500rpm,,,,,,,
上海汽车,名爵MG7,"MG7L 2.5V6 AT豪华版 252,510元","265,800元",2497,5速手自一体,135kw/6500rpm,,,,,,,
上海汽车,名爵MG7,"MG7L 2.5V6 AT旗舰版 274,360元","288,800元",2497,5速手自一体,135kw/6500rpm,,,,,,,
上海汽车,荣威 W5,荣威,W5,1.8T,2WD,驰域版,,,,,,,
上海汽车,荣威 W5,"163,210元","171,800元",1.8T,5档手动,118kw/5500rpm,,,,,,,
上海汽车,荣威 W5,荣威,W5,1.8T,2WD,胜域版,,,,,,,
上海汽车,荣威 W5,"177,460元","186,800元",1.8T,6挡手自一体,118kw/5500rpm,,,,,,,
上海汽车,荣威 W5,荣威,W5,1.8T,2WD,胜域版(真皮),,,,,,,
上海汽车,荣威 W5,"181,259.05元","190,799元",1.8T,6挡手自一体,118kw/5500rpm,,,,,,,
上海汽车,荣威 W5,荣威,W5,1.8T,4WD,豪域版,,,,,,,
上海汽车,荣威 W5,"207,860元","218,800元",1.8T,6挡手自一体,118kw/5500rpm,,,,,,,
上海汽车,荣威 W5,荣威,W5,1.8T,4WD,豪域版(18寸轮毂),,,,,,,
上海汽车,荣威 W5,"210,899.05元","221,999元",1.8T,6挡手自一体,118kw/5500rpm,,,,,,,
上海汽车,荣威 W5,荣威,W5,3.2L,4WD,锐域版,,,,,,,
上海汽车,荣威 W5,"265,810元","279,800元",3.2L,5挡手自一体,162kw/6000rpm,,,,,,,
上海汽车,荣威 W5,荣威,W5,3.2L,4WD,锐域版(18寸轮毂),,,,,,,
上海汽车,荣威 W5,"268,849.05元","282,999元",3.2L,5挡手自一体,162kw/6000rpm,,,,,,,
上海汽车,荣威 W5,荣威 W5,3.2L,4WD,NAVI,尊域版,,,,,,,
上海汽车,荣威 W5,"283,860元","298,800元",3.2L,5挡手自一体,162kw/6000rpm,,,,,,,
上海汽车,荣威 W5,荣威 W5,3.2L,4WD,NAVI,尊域版(18寸轮毂),,,,,,,
上海汽车,荣威 W5,"286,899.05元","301,999元",3.2L,5挡手自一体,162kw/6000rpm,,,,,,,
上汽通用,雪佛兰.创酷,创酷 1.4T手动两驱舒适,"81,918元","99,900元",约0.85万,约2.65万,,,,,,,
上汽通用,雪佛兰.创酷,创酷 1.4T自动两驱精英,"98,318元","119,900元",约1.02万,约3.18万,,,,,,,
上汽通用,雪佛兰.创酷,创酷 1.4T自动豪华型,"109,798元","133,900元",约1.14万,约3.55万,,,,,,,
上汽通用,别克.新君威,20T 精英型,"167,220元","185,800元",约1.59万,约3.45万,,,,,,,
上汽通用,别克.新君威,20T 豪华型,"179,820元","199,800元",约1.71万,约3.71万,,,,,,,
上汽通用,别克.新君威,20T 尊贵型,"197,820元","219,800元",约1.88万,约4.08万,,,,,,,
上汽通用,别克.新君威,30H 精英型,"206,820元","229,800元",约1.96万,约4.26万,,,,,,,
上汽通用,别克.新君威,30H 豪华型,"215,820元","239,800元",约2.05万,约4.45万,,,,,,,
上汽通用,别克.新君威,28T 尊享型,"206,820元","229,800元",约1.96万,约4.26万,,,,,,,
上汽通用,别克.新君威,GS 28T 豪华型,"215,820元","239,800元",约2.05万,约4.45万,,,,,,,
上汽通用,别克.新君威,GS 28T 尊贵型,"242,820元","269,800元",约2.31万,约5.00万,,,,,,,
上汽通用,别克.新君越,君越 20T 精英型,"189,442元","239,800元",约2.05万元,约7.09万元,,,,,,,
上汽通用,别克.新君越,君越 20T 豪华型,"207,840元","259,800元",约2.22万元,约7.42万元,,,,,,,
上汽通用,别克.新君越,君越 28T 精英型,"223,934元","269,800元",约2.31万元,约6.89万元,,,,,,,
上汽通用,别克.新君越,君越 28T 豪华型,"243,432元","289,800元",约2.48万元,约7.11万元,,,,,,,
上汽通用,别克.新君越,君越 30H 精英型,"223,398元","275,800元",约2.36万元,约7.60万元,,,,,,,
上汽通用,别克.GL8,2017款 25S 舒适型,元,"229,900元",万,万,,,,,,,
上汽通用,别克.GL8,2017款 25S 豪华型,元,"249,900元",万,万,,,,,,,
上汽通用,别克.GL8,2017款 25S 尊贵型,元,"269,900元",万,万,,,,,,,
上汽通用,雪佛兰.科鲁兹,全新科鲁兹1.5L 先锋版 手动,"83,900元","109,900元",约0.94万,约3.54万,,,,,,,
上汽通用,雪佛兰.科鲁兹,全新科鲁兹1.5L 先锋版（天窗） 自动,"95,600元","124,900元",约1.07万,约4.00万,,,,,,,
上汽通用,雪佛兰.科鲁兹,全新科鲁兹1.5L 炫锋版 手动,"95,600元","124,900元",约1.07万,约4.00万,,,,,,,
上汽通用,雪佛兰.科鲁兹,全新科鲁兹1.5L 炫锋版 自动,"104,900元","136,900元",约1.17万,约4.37万,,,,,,,
上汽通用,雪佛兰.科鲁兹,全新科鲁兹1.4T 双离合炫锋版,"114,900元","149,900元",约1.28万,约4.78万,,,,,,,
上汽通用,雪佛兰.科鲁兹,全新科鲁兹1.4T 双离合领锋版,"129,900元","169,900元",约1.45万,约5.45万,,,,,,,
上汽通用,雪佛兰.科鲁兹,全新科鲁兹掀背1.5L 自动炫锋版,"105,900元","136,900元",约1.17万,约4.27万,,,,,,,
上汽通用,别克.英朗GT,英朗 15N 手动进取型,"80,900元","109,900元",约0.94万元,约3.84万元,,,,,,,
上汽通用,别克.英朗GT,英朗 15N 自动进取型,"88,900元","119,900元",约1.02万元,约4.12万元,,,,,,,
上汽通用,别克.英朗GT,英朗 15N 手动精英型,"86,900元","116,900元",约1.00万元,约4.00万元,,,,,,,
上汽通用,别克.英朗GT,英朗 15N 自动精英型,"93,900元","126,900元",约1.08万元,约4.38万元,,,,,,,
上汽通用,别克.英朗GT,英朗 15N 自动豪华型,"100,900元","136,900元",约1.17万元,约4.77万元,,,,,,,
上汽通用,雪佛兰.迈锐宝,全新迈锐宝,1.5T,自动舒适型,,,,,,,,,[]
上汽通用,雪佛兰.迈锐宝,,"117,903.5元","164,900元",约1.41万,约6.11万,,,,,,,
上汽通用,雪佛兰.迈锐宝,全新迈锐宝 1.5T 自动豪华型,"128,628.5元","179,900元",约1.54万,约6.66万,,,,,,,
上汽通用,别克 昂科拉,18T 自动都市领先型,"110,926元","149,900元",1.28万,5.18万,,,,,,,
上汽通用,别克 昂科拉,18T 自动都市时尚型,"118,484元","155,900元",1.33万,5.07万,,,,,,,
上汽通用,别克 昂科拉,18T 自动都市精英型,"130,823元","169,900元",1.45万,5.36万,,,,,,,
上汽通用,别克 昂科威,昂科威 20T 两驱领先型,"178,119元","219,900元",约1.88万,约6.06万,,,,,,,
上汽通用,别克 昂科威,昂科威 20T 两驱精英型,"188,518元","229,900元",约1.96万,约6.10万,,,,,,,
上汽通用,别克 昂科威,昂科威 20T 两驱豪华型,"199,117元","239,900元",约2.05万,约6.13万,,,,,,,
上汽通用,别克 昂科威,昂科威 28T 四驱精英型,"232,114元","269,900元",约2.31万,约6.09万,,,,,,,
上汽通用,别克 昂科威,昂科威 28T 四驱豪华型,"252,213元","289,900元",约2.48万,约6.25万,,,,,,,
上汽通用,别克 昂科威,昂科威 28T 四驱全能旗舰运动型,"281,512元","319,900元",约2.73万,约6.57万,,,,,,,
上汽通用,别克 威朗,威朗轿跑 15S 自动进取型,"109,900元","145,900元",约1.25万元,约4.85万元,,,,,,,
上汽通用,别克 威朗,威朗轿跑 15S 自动领先型,"119,900元","155,900元",约1.33万元,约4.93万元,,,,,,,
上汽通用,别克 威朗,威朗GS 20T 双离合豪情运动型,"129,900元","165,900元",约1.42万元,约5.02万元,,,,,,,
上汽通用,别克 威朗,威朗GS 20T 双离合燃情运动型,"136,900元","175,900元",约1.50万元,约5.40万元,,,,,,,
上汽通用,别克 威朗,威朗GS 20T 双离合纵情运动型,"160,900元","205,900元",约1.76万元,约6.26万元,,,,,,,
上汽通用,迈锐宝XL,迈锐宝XL 1.5T 锐享版,"132,226.5元","179,900元",约1.54万元,约6.30万元,,,,,,,
上汽通用,迈锐宝XL,迈锐宝XL 1.5T 锐驰版,"143,251.5元","194,900元",约1.67万元,约6.83万元,,,,,,,
上汽通用,迈锐宝XL,迈锐宝XL 1.5T 锐逸版,"150,601.5元","204,900元",约1.75万元,约7.18万元,,,,,,,
上汽通用,迈锐宝XL,迈锐宝XL 1.5T 双离合锐耀版,"161,626.5元","219,900元",约1.88万元,约7.71万元,,,,,,,
上汽通用,迈锐宝XL,迈锐宝XL 2.5L 锐尊版,"183,676.5元","249,900元",约2.14万元,约8.76万元,,,,,,,
上汽通用,雪佛兰 探界者,探界者 535T 领界版,"152,163元","174,900元",约1.49万,约3.77万,,,,,,,
上汽通用,雪佛兰 探界者,探界者 535T 驰界版,"165,213元","189,900元",约1.62万,约4.09万,,,,,,,
上汽通用,雪佛兰 探界者,探界者 535T 驭界版,"173,913元","199,900元",约1.71万,约4.31万,,,,,,,
上汽通用,雪佛兰 探界者,探界者 550T 9速 四驱拓界版,"200,013元","229,900元",约1.96万,约4.95万,,,,,,,
上汽通用,雪佛兰 探界者,探界者 550T 9速 四驱捍界版,"217,413元","249,900元",约2.14万,约5.38万,,,,,,,
上汽通用,别克GL6,2018款 18T 6座精英型,"133,308元","144,900元",约1.24万元,约2.40万元,,,,,,,
上汽通用,别克GL6,2018款 18T 6座豪华型,"143,428元","155,900元",约1.33万元,约2.58万元,,,,,,,
上汽通用,别克GL6,2018款 18T 6座尊贵型,"153,548元","166,900元",约1.43万元,约2.76万元,,,,,,,
广汽本田,奥德赛,"奥德赛2018款2.4L舒适版 229,800元","229,800元",2356ml,CVT无极变速,137kw/6400rpm,,,,,,,
广汽本田,奥德赛,"奥德赛2018款2.4L豪华版 249,800元","249,800元",2356ml,CVT无极变速,137kw/6400rpm,,,,,,,
广汽本田,奥德赛,"奥德赛2018款2.4L智享版 266,800元","266,800元",2356ml,CVT无极变速,137kw/6400rpm,,,,,,,
广汽本田,奥德赛,"奥德赛2018款2.4L尊享版 279,800元","279,800元",2356ml,CVT无极变速,137kw/6400rpm,,,,,,,
广汽本田,奥德赛,"奥德赛2018款2.4L至尊版 299,800元","299,800元",2356ml,CVT无极变速,137kw/6400rpm,,,,,,,
广汽本田,雅阁,雅阁 230TURBO 舒适版,"172,608元","179,800元",1.54万,2.26万,,,,,,,
广汽本田,雅阁,雅阁 260TURBO 精英版,"182,208元","189,800元",1.62万,2.38万,,,,,,,
广汽本田,雅阁,雅阁 260TURBO 豪华版,"191,808元","199,800元",1.71万,2.51万,,,,,,,
广汽本田,雅阁,雅阁 260TURBO 尊贵版,"201,408元","209,800元",1.79万,2.63万,,,,,,,
广汽本田,雅阁,雅阁 260TURBO 旗舰版,"220,608元","229,800元",1.96万,2.88万,,,,,,,
广汽本田,锋范,"1.5手动舒适版 82,800元","82,800元",1498ml,5MT,96kw/6600rpm,,,,,,,
广汽本田,锋范,1.5手动进取版 暂无,"79,800元",1498ml,5MT,96kw/6600rpm,,,,,,,
广汽本田,锋范,"1.5手动豪华版 98,800元","98,800元",1498ml,5MT,96kw/6600rpm,,,,,,,
广汽本田,锋范,1.5手动旗舰版 暂无,"109,800元",1498ml,5MT,96kw/6600rpm,,,,,,,
广汽本田,锋范,"1.5自动舒适版 89,800元","89,800元",1498ml,CVT,96kw/6600rpm,,,,,,,
广汽本田,锋范,"1.5自动精英版 95,800元","95,800元",1498ml,CVT,96kw/6600rpm,,,,,,,
广汽本田,锋范,"1.5自动豪华版 105,800元","105,800元",1498ml,CVT,96kw/6600rpm,,,,,,,
广汽本田,锋范,"1.5自动旗舰版 119,800元","119,800元",1498ml,CVT,96kw/6600rpm,,,,,,,
广汽本田,飞度,1.5LX,手动舒适型,,,,,,,,,,[]
广汽本田,飞度,"71,586元","73,800元",1498ml,5MT,96kw/6600rpm,,,,,,,
广汽本田,飞度,"1.5LX CVT舒适型 79,346元","81,800元",1498ml,CVT,96kw/6600rpm,,,,,,,
广汽本田,飞度,"1.5LXS CVT舒适天窗版 83,226元","85,800元",1498ml,CVT,96kw/6600rpm,,,,,,,
广汽本田,飞度,"1.5SP CVT潮跑版 86,136元","88,800元",1498ml,CVT,96kw/6600rpm,,,,,,,
广汽本田,飞度,"1.5SP+ CVT潮跑+版 90,986元","93,800元",1498ml,CVT,96kw/6600rpm,,,,,,,
广汽本田,飞度,"1.5EXL CVT豪华版 99,716元","102,800元",1498ml,CVT,96kw/6600rpm,,,,,,,
广汽本田,歌诗图,2.4,豪华版,,,,,,,,,,[]
广汽本田,歌诗图,暂无,"259,800元",2354,5AT手自一体,145kw/7000rpm,,,,,,,
广汽本田,歌诗图,2.4,豪华导航版,,,,,,,,,,[]
广汽本田,歌诗图,暂无,"265,800元",2354,5AT手自一体,145kw/7000rpm,,,,,,,
广汽本田,歌诗图,3,AWD尊贵版,,,,,,,,,,[]
广汽本田,歌诗图,暂无,"329,800元",2997,5AT手自一体,193kw/6300rpm,,,,,,,
广汽本田,歌诗图,3,AWD尊贵导航版,,,,,,,,,,[]
广汽本田,歌诗图,暂无,"335,800元",2997,5AT手自一体,193kw/6300rpm,,,,,,,
广汽本田,凌派,凌派1.8L MT风尚版,"109,800元","109,800元",0.94万元,0.94万元,,,,,,,
广汽本田,凌派,凌派1.8L MT舒适版,"114,800元","114,800元",0.98万元,0.98万元,,,,,,,
广汽本田,凌派,凌派1.8L AT舒适版,"124,800元","124,800元",1.07万元,1.07万元,,,,,,,
广汽本田,凌派,凌派1.8L MT豪华版,"124,800元","124,800元",1.07万元,1.07万元,,,,,,,
广汽本田,凌派,凌派1.8L AT豪华版,"134,800元","134,800元",1.15万元,1.15万元,,,,,,,
广汽本田,凌派,凌派1.8L AT领先版,"139,800元","139,800元",1.19万元,1.19万元,,,,,,,
广汽本田,凌派,凌派1.8L AT旗舰版,"149,800元","149,800元",1.28万元,1.28万元,,,,,,,
广汽本田,缤智,缤智 1.5L 手动舒适型,"128,800元","128,800元",1.10万元,1.10万元,,,,,,,
广汽本田,缤智,缤智 1.5L CVT舒适型,"136,800元","136,800元",1.17万元,1.17万元,,,,,,,
广汽本田,缤智,缤智 1.8L 手动精英型,暂无,"138,800元",1.19万元,暂无,,,,,,,
广汽本田,缤智,缤智 1.8L CVT精英型,"146,800元","146,800元",1.25万元,1.25万元,,,,,,,
广汽本田,缤智,缤智 1.8L CVT先锋型,"153,800元","153,800元",1.31万元,1.31万元,,,,,,,
广汽本田,缤智,缤智 1.8L CVT豪华型,"163,800元","163,800元",1.40万元,1.40万元,,,,,,,
广汽本田,缤智,缤智 1.8L CVT旗舰型,"189,800元","189,800元",1.62万元,1.62万元,,,,,,,
广汽本田,冠道,冠道 2.0T 9AT 两驱精英版 暂无车,"269,800元","269,800元",2.31万,2.31万,,,,,,,
广汽本田,冠道,冠道 2.0T 9AT 两驱豪华版,"279,800元","279,800元",2.39万,2.39万,,,,,,,
广汽本田,冠道,冠道 2.0T 9AT 四驱尊享版,"292,800元","292,800元",2.50万,2.50万,,,,,,,
广汽本田,冠道,冠道 2.0T 9AT 四驱尊贵版,"313,800元","313,800元",2.68万,2.68万,,,,,,,
广汽本田,冠道,冠道 2.0T 9AT 四驱至尊版,"329,800元","329,800元",2.82万,2.82万,,,,,,,
广汽本田,冠道,冠道 1.5T CVT 两驱精英版,"220,000元","220,000元",1.88万,1.88万,,,,,,,
广汽本田,冠道,冠道 1.5T CVT 两驱舒享版,"245,800元","245,800元",2.10万,2.10万,,,,,,,
广汽本田,冠道,冠道 1.5T CVT 两驱豪华版,"253,800元","253,800元",2.17万,2.17万,,,,,,,
广汽本田,冠道,冠道 1.5T CVT 两驱尊享版,"263,800元","263,800元",2.25万,2.25万,,,,,,,